2026-07-14 12:09:34 - CDRS - INFO - Logger initialized successfully
2026-07-14 12:09:34 - CDRS - INFO - Connected to database: database\cdrs.db
2026-07-14 12:09:34 - CDRS - WARNING - Schema file not found: database\schema.sql
2026-07-14 12:09:34 - CDRS - INFO - Starting validation for: C:\Users\Obedbosh\Music\OBED BOSHIELO\Capitec-Reconciliation-System\web_dashboard\uploads\20260714_120934_sample_invalid.xlsx
2026-07-14 12:09:34 - CDRS - INFO - Workbook loaded successfully: C:\Users\Obedbosh\Music\OBED BOSHIELO\Capitec-Reconciliation-System\web_dashboard\uploads\20260714_120934_sample_invalid.xlsx
2026-07-14 12:09:34 - CDRS - INFO - Found 1 worksheets: ['DAILY OUTPUT FILE 03-07-2026']
2026-07-14 12:09:34 - CDRS - INFO - Selected Daily Output sheet: DAILY OUTPUT FILE 03-07-2026
2026-07-14 12:09:34 - CDRS - INFO - Using daily worksheet for validation: DAILY OUTPUT FILE 03-07-2026
2026-07-14 12:09:34 - CDRS - INFO - Selected sheet 'DAILY OUTPUT FILE 03-07-2026' max_row=7 total_raw_rows=7 non_empty_rows=7
2026-07-14 12:09:34 - CDRS - INFO - Sample first 5 raw rows: [('Order_No', 'Order_Creation_Date', 'Branch_Code', 'Branch_Name', 'Card_Type', 'No_of_Batches', 'Waybill_No', 'Batch_No', 'Bag_No'), (1, datetime.datetime(2026, 7, 9, 0, 0), None, 'Branch Johannesburg', 'SIM', 2, 'WB001', '10001|10002', "'00001234"), (2, datetime.datetime(2026, 7, 9, 0, 0), 'BR002', 'Branch Pretoria', 'DMCCLS', 2, 'WB002', '20001|20001', "'00002345"), (3, datetime.datetime(2026, 7, 9, 0, 0), 'BR003', 'Branch Cape Town', 'SIM', 3, 'WB003', '30001|30002', "'00003456"), (4, datetime.datetime(2026, 7, 9, 0, 0), 'BR004', 'Branch Durban', 'SIM', 1, 'WB004', '40001', "''00004567")]
2026-07-14 12:09:34 - CDRS - INFO - Validating headers in DAILY OUTPUT FILE 03-07-2026
2026-07-14 12:09:34 - CDRS - DEBUG - Headers from DAILY OUTPUT FILE 03-07-2026: ['Order_No', 'Order_Creation_Date', 'Branch_Code', 'Branch_Name', 'Card_Type', 'No_of_Batches', 'Waybill_No', 'Batch_No', 'Bag_No']
2026-07-14 12:09:34 - CDRS - INFO - All required headers present: {'Branch_Name', 'Order_Creation_Date', 'Batch_No', 'Branch_Code', 'Order_No', 'Bag_No', 'No_of_Batches', 'Waybill_No', 'Card_Type'}
2026-07-14 12:09:34 - CDRS - INFO - Validating duplicates in DAILY OUTPUT FILE 03-07-2026
2026-07-14 12:09:34 - CDRS - DEBUG - Headers from DAILY OUTPUT FILE 03-07-2026: ['Order_No', 'Order_Creation_Date', 'Branch_Code', 'Branch_Name', 'Card_Type', 'No_of_Batches', 'Waybill_No', 'Batch_No', 'Bag_No']
2026-07-14 12:09:34 - CDRS - DEBUG - Retrieved 5 values from column 'Batch_No'
2026-07-14 12:09:34 - CDRS - WARNING - Duplicate batch '20001' found in same cell at row 3, column Batch_No
2026-07-14 12:09:34 - CDRS - WARNING - Duplicate batch number '20001' found in 2 rows
2026-07-14 12:09:34 - CDRS - WARNING - Duplicate batch number '30001' found in 2 rows
2026-07-14 12:09:34 - CDRS - INFO - Validating batch counts in DAILY OUTPUT FILE 03-07-2026
2026-07-14 12:09:34 - CDRS - INFO - Sheet DAILY OUTPUT FILE 03-07-2026 max_row=7, total_raw_rows=7, non_empty_rows=7
2026-07-14 12:09:34 - CDRS - INFO - Loading data rows from sheet: DAILY OUTPUT FILE 03-07-2026
2026-07-14 12:09:34 - CDRS - INFO - Using header row: 1
2026-07-14 12:09:34 - CDRS - INFO - Total raw rows read from Excel: 6
2026-07-14 12:09:34 - CDRS - INFO - First 5 rows of extracted data: [{'Order_No': {'value': 1, 'cell_ref': 'A2', 'row': 2, 'col': 1}, 'Order_Creation_Date': {'value': datetime.datetime(2026, 7, 9, 0, 0), 'cell_ref': 'B2', 'row': 2, 'col': 2}, 'Branch_Code': {'value': None, 'cell_ref': 'C2', 'row': 2, 'col': 3}, 'Branch_Name': {'value': 'Branch Johannesburg', 'cell_ref': 'D2', 'row': 2, 'col': 4}, 'Card_Type': {'value': 'SIM', 'cell_ref': 'E2', 'row': 2, 'col': 5}, 'No_of_Batches': {'value': 2, 'cell_ref': 'F2', 'row': 2, 'col': 6}, 'Waybill_No': {'value': 'WB001', 'cell_ref': 'G2', 'row': 2, 'col': 7}, 'Batch_No': {'value': '10001|10002', 'cell_ref': 'H2', 'row': 2, 'col': 8}, 'Bag_No': {'value': "'00001234", 'cell_ref': 'I2', 'row': 2, 'col': 9}}, {'Order_No': {'value': 2, 'cell_ref': 'A3', 'row': 3, 'col': 1}, 'Order_Creation_Date': {'value': datetime.datetime(2026, 7, 9, 0, 0), 'cell_ref': 'B3', 'row': 3, 'col': 2}, 'Branch_Code': {'value': 'BR002', 'cell_ref': 'C3', 'row': 3, 'col': 3}, 'Branch_Name': {'value': 'Branch Pretoria', 'cell_ref': 'D3', 'row': 3, 'col': 4}, 'Card_Type': {'value': 'DMCCLS', 'cell_ref': 'E3', 'row': 3, 'col': 5}, 'No_of_Batches': {'value': 2, 'cell_ref': 'F3', 'row': 3, 'col': 6}, 'Waybill_No': {'value': 'WB002', 'cell_ref': 'G3', 'row': 3, 'col': 7}, 'Batch_No': {'value': '20001|20001', 'cell_ref': 'H3', 'row': 3, 'col': 8}, 'Bag_No': {'value': "'00002345", 'cell_ref': 'I3', 'row': 3, 'col': 9}}, {'Order_No': {'value': 3, 'cell_ref': 'A4', 'row': 4, 'col': 1}, 'Order_Creation_Date': {'value': datetime.datetime(2026, 7, 9, 0, 0), 'cell_ref': 'B4', 'row': 4, 'col': 2}, 'Branch_Code': {'value': 'BR003', 'cell_ref': 'C4', 'row': 4, 'col': 3}, 'Branch_Name': {'value': 'Branch Cape Town', 'cell_ref': 'D4', 'row': 4, 'col': 4}, 'Card_Type': {'value': 'SIM', 'cell_ref': 'E4', 'row': 4, 'col': 5}, 'No_of_Batches': {'value': 3, 'cell_ref': 'F4', 'row': 4, 'col': 6}, 'Waybill_No': {'value': 'WB003', 'cell_ref': 'G4', 'row': 4, 'col': 7}, 'Batch_No': {'value': '30001|30002', 'cell_ref': 'H4', 'row': 4, 'col': 8}, 'Bag_No': {'value': "'00003456", 'cell_ref': 'I4', 'row': 4, 'col': 9}}, {'Order_No': {'value': 4, 'cell_ref': 'A5', 'row': 5, 'col': 1}, 'Order_Creation_Date': {'value': datetime.datetime(2026, 7, 9, 0, 0), 'cell_ref': 'B5', 'row': 5, 'col': 2}, 'Branch_Code': {'value': 'BR004', 'cell_ref': 'C5', 'row': 5, 'col': 3}, 'Branch_Name': {'value': 'Branch Durban', 'cell_ref': 'D5', 'row': 5, 'col': 4}, 'Card_Type': {'value': 'SIM', 'cell_ref': 'E5', 'row': 5, 'col': 5}, 'No_of_Batches': {'value': 1, 'cell_ref': 'F5', 'row': 5, 'col': 6}, 'Waybill_No': {'value': 'WB004', 'cell_ref': 'G5', 'row': 5, 'col': 7}, 'Batch_No': {'value': '40001', 'cell_ref': 'H5', 'row': 5, 'col': 8}, 'Bag_No': {'value': "''00004567", 'cell_ref': 'I5', 'row': 5, 'col': 9}}, {'Order_No': {'value': 5, 'cell_ref': 'A6', 'row': 6, 'col': 1}, 'Order_Creation_Date': {'value': datetime.datetime(2026, 7, 9, 0, 0), 'cell_ref': 'B6', 'row': 6, 'col': 2}, 'Branch_Code': {'value': 'BR005', 'cell_ref': 'C6', 'row': 6, 'col': 3}, 'Branch_Name': {'value': 'Branch Bloemfontein', 'cell_ref': 'D6', 'row': 6, 'col': 4}, 'Card_Type': {'value': 'DMCCLS', 'cell_ref': 'E6', 'row': 6, 'col': 5}, 'No_of_Batches': {'value': 1, 'cell_ref': 'F6', 'row': 6, 'col': 6}, 'Waybill_No': {'value': 'WB005', 'cell_ref': 'G6', 'row': 6, 'col': 7}, 'Batch_No': {'value': None, 'cell_ref': 'H6', 'row': 6, 'col': 8}, 'Bag_No': {'value': "'00005678", 'cell_ref': 'I6', 'row': 6, 'col': 9}}]
2026-07-14 12:09:34 - CDRS - INFO - Loaded 6 data rows from DAILY OUTPUT FILE 03-07-2026
2026-07-14 12:09:34 - CDRS - WARNING - Row 4: No_of_Batches mismatch. Expected 3, found 2
2026-07-14 12:09:34 - CDRS - INFO - Validating bag numbers in DAILY OUTPUT FILE 03-07-2026
2026-07-14 12:09:34 - CDRS - INFO - Sheet DAILY OUTPUT FILE 03-07-2026 max_row=7, total_raw_rows=7, non_empty_rows=7
2026-07-14 12:09:34 - CDRS - INFO - Loading data rows from sheet: DAILY OUTPUT FILE 03-07-2026
2026-07-14 12:09:34 - CDRS - INFO - Using header row: 1
2026-07-14 12:09:34 - CDRS - INFO - Total raw rows read from Excel: 6
2026-07-14 12:09:34 - CDRS - INFO - First 5 rows of extracted data: [{'Order_No': {'value': 1, 'cell_ref': 'A2', 'row': 2, 'col': 1}, 'Order_Creation_Date': {'value': datetime.datetime(2026, 7, 9, 0, 0), 'cell_ref': 'B2', 'row': 2, 'col': 2}, 'Branch_Code': {'value': None, 'cell_ref': 'C2', 'row': 2, 'col': 3}, 'Branch_Name': {'value': 'Branch Johannesburg', 'cell_ref': 'D2', 'row': 2, 'col': 4}, 'Card_Type': {'value': 'SIM', 'cell_ref': 'E2', 'row': 2, 'col': 5}, 'No_of_Batches': {'value': 2, 'cell_ref': 'F2', 'row': 2, 'col': 6}, 'Waybill_No': {'value': 'WB001', 'cell_ref': 'G2', 'row': 2, 'col': 7}, 'Batch_No': {'value': '10001|10002', 'cell_ref': 'H2', 'row': 2, 'col': 8}, 'Bag_No': {'value': "'00001234", 'cell_ref': 'I2', 'row': 2, 'col': 9}}, {'Order_No': {'value': 2, 'cell_ref': 'A3', 'row': 3, 'col': 1}, 'Order_Creation_Date': {'value': datetime.datetime(2026, 7, 9, 0, 0), 'cell_ref': 'B3', 'row': 3, 'col': 2}, 'Branch_Code': {'value': 'BR002', 'cell_ref': 'C3', 'row': 3, 'col': 3}, 'Branch_Name': {'value': 'Branch Pretoria', 'cell_ref': 'D3', 'row': 3, 'col': 4}, 'Card_Type': {'value': 'DMCCLS', 'cell_ref': 'E3', 'row': 3, 'col': 5}, 'No_of_Batches': {'value': 2, 'cell_ref': 'F3', 'row': 3, 'col': 6}, 'Waybill_No': {'value': 'WB002', 'cell_ref': 'G3', 'row': 3, 'col': 7}, 'Batch_No': {'value': '20001|20001', 'cell_ref': 'H3', 'row': 3, 'col': 8}, 'Bag_No': {'value': "'00002345", 'cell_ref': 'I3', 'row': 3, 'col': 9}}, {'Order_No': {'value': 3, 'cell_ref': 'A4', 'row': 4, 'col': 1}, 'Order_Creation_Date': {'value': datetime.datetime(2026, 7, 9, 0, 0), 'cell_ref': 'B4', 'row': 4, 'col': 2}, 'Branch_Code': {'value': 'BR003', 'cell_ref': 'C4', 'row': 4, 'col': 3}, 'Branch_Name': {'value': 'Branch Cape Town', 'cell_ref': 'D4', 'row': 4, 'col': 4}, 'Card_Type': {'value': 'SIM', 'cell_ref': 'E4', 'row': 4, 'col': 5}, 'No_of_Batches': {'value': 3, 'cell_ref': 'F4', 'row': 4, 'col': 6}, 'Waybill_No': {'value': 'WB003', 'cell_ref': 'G4', 'row': 4, 'col': 7}, 'Batch_No': {'value': '30001|30002', 'cell_ref': 'H4', 'row': 4, 'col': 8}, 'Bag_No': {'value': "'00003456", 'cell_ref': 'I4', 'row': 4, 'col': 9}}, {'Order_No': {'value': 4, 'cell_ref': 'A5', 'row': 5, 'col': 1}, 'Order_Creation_Date': {'value': datetime.datetime(2026, 7, 9, 0, 0), 'cell_ref': 'B5', 'row': 5, 'col': 2}, 'Branch_Code': {'value': 'BR004', 'cell_ref': 'C5', 'row': 5, 'col': 3}, 'Branch_Name': {'value': 'Branch Durban', 'cell_ref': 'D5', 'row': 5, 'col': 4}, 'Card_Type': {'value': 'SIM', 'cell_ref': 'E5', 'row': 5, 'col': 5}, 'No_of_Batches': {'value': 1, 'cell_ref': 'F5', 'row': 5, 'col': 6}, 'Waybill_No': {'value': 'WB004', 'cell_ref': 'G5', 'row': 5, 'col': 7}, 'Batch_No': {'value': '40001', 'cell_ref': 'H5', 'row': 5, 'col': 8}, 'Bag_No': {'value': "''00004567", 'cell_ref': 'I5', 'row': 5, 'col': 9}}, {'Order_No': {'value': 5, 'cell_ref': 'A6', 'row': 6, 'col': 1}, 'Order_Creation_Date': {'value': datetime.datetime(2026, 7, 9, 0, 0), 'cell_ref': 'B6', 'row': 6, 'col': 2}, 'Branch_Code': {'value': 'BR005', 'cell_ref': 'C6', 'row': 6, 'col': 3}, 'Branch_Name': {'value': 'Branch Bloemfontein', 'cell_ref': 'D6', 'row': 6, 'col': 4}, 'Card_Type': {'value': 'DMCCLS', 'cell_ref': 'E6', 'row': 6, 'col': 5}, 'No_of_Batches': {'value': 1, 'cell_ref': 'F6', 'row': 6, 'col': 6}, 'Waybill_No': {'value': 'WB005', 'cell_ref': 'G6', 'row': 6, 'col': 7}, 'Batch_No': {'value': None, 'cell_ref': 'H6', 'row': 6, 'col': 8}, 'Bag_No': {'value': "'00005678", 'cell_ref': 'I6', 'row': 6, 'col': 9}}]
2026-07-14 12:09:34 - CDRS - INFO - Loaded 6 data rows from DAILY OUTPUT FILE 03-07-2026
2026-07-14 12:09:34 - CDRS - WARNING - Row 5: Invalid Bag_No format '''00004567'. Must be numeric or start with exactly one apostrophe followed by digits.
2026-07-14 12:09:34 - CDRS - INFO - Validating blank fields in DAILY OUTPUT FILE 03-07-2026
2026-07-14 12:09:34 - CDRS - INFO - Sheet DAILY OUTPUT FILE 03-07-2026 max_row=7, total_raw_rows=7, non_empty_rows=7
2026-07-14 12:09:34 - CDRS - INFO - Loading data rows from sheet: DAILY OUTPUT FILE 03-07-2026
2026-07-14 12:09:34 - CDRS - INFO - Using header row: 1
2026-07-14 12:09:34 - CDRS - INFO - Total raw rows read from Excel: 6
2026-07-14 12:09:34 - CDRS - INFO - First 5 rows of extracted data: [{'Order_No': {'value': 1, 'cell_ref': 'A2', 'row': 2, 'col': 1}, 'Order_Creation_Date': {'value': datetime.datetime(2026, 7, 9, 0, 0), 'cell_ref': 'B2', 'row': 2, 'col': 2}, 'Branch_Code': {'value': None, 'cell_ref': 'C2', 'row': 2, 'col': 3}, 'Branch_Name': {'value': 'Branch Johannesburg', 'cell_ref': 'D2', 'row': 2, 'col': 4}, 'Card_Type': {'value': 'SIM', 'cell_ref': 'E2', 'row': 2, 'col': 5}, 'No_of_Batches': {'value': 2, 'cell_ref': 'F2', 'row': 2, 'col': 6}, 'Waybill_No': {'value': 'WB001', 'cell_ref': 'G2', 'row': 2, 'col': 7}, 'Batch_No': {'value': '10001|10002', 'cell_ref': 'H2', 'row': 2, 'col': 8}, 'Bag_No': {'value': "'00001234", 'cell_ref': 'I2', 'row': 2, 'col': 9}}, {'Order_No': {'value': 2, 'cell_ref': 'A3', 'row': 3, 'col': 1}, 'Order_Creation_Date': {'value': datetime.datetime(2026, 7, 9, 0, 0), 'cell_ref': 'B3', 'row': 3, 'col': 2}, 'Branch_Code': {'value': 'BR002', 'cell_ref': 'C3', 'row': 3, 'col': 3}, 'Branch_Name': {'value': 'Branch Pretoria', 'cell_ref': 'D3', 'row': 3, 'col': 4}, 'Card_Type': {'value': 'DMCCLS', 'cell_ref': 'E3', 'row': 3, 'col': 5}, 'No_of_Batches': {'value': 2, 'cell_ref': 'F3', 'row': 3, 'col': 6}, 'Waybill_No': {'value': 'WB002', 'cell_ref': 'G3', 'row': 3, 'col': 7}, 'Batch_No': {'value': '20001|20001', 'cell_ref': 'H3', 'row': 3, 'col': 8}, 'Bag_No': {'value': "'00002345", 'cell_ref': 'I3', 'row': 3, 'col': 9}}, {'Order_No': {'value': 3, 'cell_ref': 'A4', 'row': 4, 'col': 1}, 'Order_Creation_Date': {'value': datetime.datetime(2026, 7, 9, 0, 0), 'cell_ref': 'B4', 'row': 4, 'col': 2}, 'Branch_Code': {'value': 'BR003', 'cell_ref': 'C4', 'row': 4, 'col': 3}, 'Branch_Name': {'value': 'Branch Cape Town', 'cell_ref': 'D4', 'row': 4, 'col': 4}, 'Card_Type': {'value': 'SIM', 'cell_ref': 'E4', 'row': 4, 'col': 5}, 'No_of_Batches': {'value': 3, 'cell_ref': 'F4', 'row': 4, 'col': 6}, 'Waybill_No': {'value': 'WB003', 'cell_ref': 'G4', 'row': 4, 'col': 7}, 'Batch_No': {'value': '30001|30002', 'cell_ref': 'H4', 'row': 4, 'col': 8}, 'Bag_No': {'value': "'00003456", 'cell_ref': 'I4', 'row': 4, 'col': 9}}, {'Order_No': {'value': 4, 'cell_ref': 'A5', 'row': 5, 'col': 1}, 'Order_Creation_Date': {'value': datetime.datetime(2026, 7, 9, 0, 0), 'cell_ref': 'B5', 'row': 5, 'col': 2}, 'Branch_Code': {'value': 'BR004', 'cell_ref': 'C5', 'row': 5, 'col': 3}, 'Branch_Name': {'value': 'Branch Durban', 'cell_ref': 'D5', 'row': 5, 'col': 4}, 'Card_Type': {'value': 'SIM', 'cell_ref': 'E5', 'row': 5, 'col': 5}, 'No_of_Batches': {'value': 1, 'cell_ref': 'F5', 'row': 5, 'col': 6}, 'Waybill_No': {'value': 'WB004', 'cell_ref': 'G5', 'row': 5, 'col': 7}, 'Batch_No': {'value': '40001', 'cell_ref': 'H5', 'row': 5, 'col': 8}, 'Bag_No': {'value': "''00004567", 'cell_ref': 'I5', 'row': 5, 'col': 9}}, {'Order_No': {'value': 5, 'cell_ref': 'A6', 'row': 6, 'col': 1}, 'Order_Creation_Date': {'value': datetime.datetime(2026, 7, 9, 0, 0), 'cell_ref': 'B6', 'row': 6, 'col': 2}, 'Branch_Code': {'value': 'BR005', 'cell_ref': 'C6', 'row': 6, 'col': 3}, 'Branch_Name': {'value': 'Branch Bloemfontein', 'cell_ref': 'D6', 'row': 6, 'col': 4}, 'Card_Type': {'value': 'DMCCLS', 'cell_ref': 'E6', 'row': 6, 'col': 5}, 'No_of_Batches': {'value': 1, 'cell_ref': 'F6', 'row': 6, 'col': 6}, 'Waybill_No': {'value': 'WB005', 'cell_ref': 'G6', 'row': 6, 'col': 7}, 'Batch_No': {'value': None, 'cell_ref': 'H6', 'row': 6, 'col': 8}, 'Bag_No': {'value': "'00005678", 'cell_ref': 'I6', 'row': 6, 'col': 9}}]
2026-07-14 12:09:34 - CDRS - INFO - Loaded 6 data rows from DAILY OUTPUT FILE 03-07-2026
2026-07-14 12:09:34 - CDRS - WARNING - Row 2: Blank field 'Branch_Code'
2026-07-14 12:09:34 - CDRS - WARNING - Row 6: Blank field 'Batch_No'
2026-07-14 12:09:34 - CDRS - INFO - Validating card types in DAILY OUTPUT FILE 03-07-2026
2026-07-14 12:09:34 - CDRS - DEBUG - Headers from DAILY OUTPUT FILE 03-07-2026: ['Order_No', 'Order_Creation_Date', 'Branch_Code', 'Branch_Name', 'Card_Type', 'No_of_Batches', 'Waybill_No', 'Batch_No', 'Bag_No']
2026-07-14 12:09:34 - CDRS - DEBUG - Retrieved 6 values from column 'Card_Type'
2026-07-14 12:09:34 - CDRS - INFO - All card types are valid
2026-07-14 12:09:34 - CDRS - INFO - Validation completed. Passed: False, Errors: 7, Duration: 0.07s
2026-07-14 12:09:34 - CDRS - INFO - Workbook closed
2026-07-14 12:09:34 - CDRS - INFO - Backup created: backups\20260714_120934_sample_invalid_20260714_120934.bak
2026-07-14 12:34:10 - CDRS - INFO - Starting validation for: C:\Users\Obedbosh\Music\OBED BOSHIELO\Capitec-Reconciliation-System\web_dashboard\uploads\20260714_123410_CAPITEC_DAILY_ORDERS_REPORT_JULY_2026.xlsx
2026-07-14 12:34:10 - CDRS - INFO - Workbook loaded successfully: C:\Users\Obedbosh\Music\OBED BOSHIELO\Capitec-Reconciliation-System\web_dashboard\uploads\20260714_123410_CAPITEC_DAILY_ORDERS_REPORT_JULY_2026.xlsx
2026-07-14 12:34:10 - CDRS - INFO - Found 11 worksheets: ['DAILY OUTPUT FILE 01-07-2026 ', 'DAILY OUTPUT FILE 02-07-2026', 'DAILY OUTPUT FILE 03-07-2026 ', 'DAILY OUTPUT FILE 06-07-2026', 'DAILY OUTPUT FILE 07-07-2026', 'DAILY OUTPUT FILE 08-07-2026', 'DAILY OUTPUT FILE 10-07-2026', 'DAILY OUTPUT FILE 13-07-2026', 'DAILY OUTPUT FILE 14-07-2026 ', 'CAPITEC SUMMARY FILE REPORT ', 'DSV CONSUMABLES ']
2026-07-14 12:34:10 - CDRS - INFO - Selected Daily Output sheet: DAILY OUTPUT FILE 14-07-2026 
2026-07-14 12:34:10 - CDRS - INFO - Using daily worksheet for validation: DAILY OUTPUT FILE 14-07-2026 
2026-07-14 12:34:10 - CDRS - INFO - Selected sheet 'DAILY OUTPUT FILE 14-07-2026 ' max_row=4 total_raw_rows=4 non_empty_rows=4
2026-07-14 12:34:10 - CDRS - INFO - Sample first 5 raw rows: [('Order_No', 'Order_Creation_Date', 'Branch_Code', 'Branch_Name', 'Card_Type', 'No_of_Batches', 'Waybill_No', 'Batch_No', 'Bag_No'), (225292, '14/07/2026', 2126, 'PE Motherwell 31', 'SIM', 3, 'Y8NZT00001633', '40962| 40963| 40964  ', 2320), (225308, '14/07/2026', 2339, 'Cape Town Parliament', 'SIM', 2, 'Y8NZT00001634', '40965| 40966  ', 2322), (225321, '14/07/2026', 4023, 'Ceres Vos', 'DMCCLS', 5, 'Y8NZT00001635', '0206167| 0206168| 0206169| 0206170| 0206171', 2321)]
2026-07-14 12:34:10 - CDRS - INFO - Validating headers in DAILY OUTPUT FILE 14-07-2026 
2026-07-14 12:34:10 - CDRS - DEBUG - Headers from DAILY OUTPUT FILE 14-07-2026 : ['Order_No', 'Order_Creation_Date', 'Branch_Code', 'Branch_Name', 'Card_Type', 'No_of_Batches', 'Waybill_No', 'Batch_No', 'Bag_No']
2026-07-14 12:34:10 - CDRS - INFO - All required headers present: {'Branch_Name', 'Order_Creation_Date', 'Batch_No', 'Branch_Code', 'Order_No', 'Bag_No', 'No_of_Batches', 'Waybill_No', 'Card_Type'}
2026-07-14 12:34:10 - CDRS - INFO - Validating duplicates in DAILY OUTPUT FILE 14-07-2026 
2026-07-14 12:34:10 - CDRS - DEBUG - Headers from DAILY OUTPUT FILE 14-07-2026 : ['Order_No', 'Order_Creation_Date', 'Branch_Code', 'Branch_Name', 'Card_Type', 'No_of_Batches', 'Waybill_No', 'Batch_No', 'Bag_No']
2026-07-14 12:34:10 - CDRS - DEBUG - Retrieved 3 values from column 'Batch_No'
2026-07-14 12:34:10 - CDRS - INFO - No duplicate batch numbers found
2026-07-14 12:34:10 - CDRS - INFO - Validating batch counts in DAILY OUTPUT FILE 14-07-2026 
2026-07-14 12:34:10 - CDRS - INFO - Sheet DAILY OUTPUT FILE 14-07-2026  max_row=4, total_raw_rows=4, non_empty_rows=4
2026-07-14 12:34:10 - CDRS - INFO - Loading data rows from sheet: DAILY OUTPUT FILE 14-07-2026 
2026-07-14 12:34:10 - CDRS - INFO - Using header row: 1
2026-07-14 12:34:10 - CDRS - INFO - Total raw rows read from Excel: 3
2026-07-14 12:34:10 - CDRS - INFO - First 5 rows of extracted data: [{'Order_No': {'value': 225292, 'cell_ref': 'A2', 'row': 2, 'col': 1}, 'Order_Creation_Date': {'value': '14/07/2026', 'cell_ref': 'B2', 'row': 2, 'col': 2}, 'Branch_Code': {'value': 2126, 'cell_ref': 'C2', 'row': 2, 'col': 3}, 'Branch_Name': {'value': 'PE Motherwell 31', 'cell_ref': 'D2', 'row': 2, 'col': 4}, 'Card_Type': {'value': 'SIM', 'cell_ref': 'E2', 'row': 2, 'col': 5}, 'No_of_Batches': {'value': 3, 'cell_ref': 'F2', 'row': 2, 'col': 6}, 'Waybill_No': {'value': 'Y8NZT00001633', 'cell_ref': 'G2', 'row': 2, 'col': 7}, 'Batch_No': {'value': '40962| 40963| 40964  ', 'cell_ref': 'H2', 'row': 2, 'col': 8}, 'Bag_No': {'value': 2320, 'cell_ref': 'I2', 'row': 2, 'col': 9}}, {'Order_No': {'value': 225308, 'cell_ref': 'A3', 'row': 3, 'col': 1}, 'Order_Creation_Date': {'value': '14/07/2026', 'cell_ref': 'B3', 'row': 3, 'col': 2}, 'Branch_Code': {'value': 2339, 'cell_ref': 'C3', 'row': 3, 'col': 3}, 'Branch_Name': {'value': 'Cape Town Parliament', 'cell_ref': 'D3', 'row': 3, 'col': 4}, 'Card_Type': {'value': 'SIM', 'cell_ref': 'E3', 'row': 3, 'col': 5}, 'No_of_Batches': {'value': 2, 'cell_ref': 'F3', 'row': 3, 'col': 6}, 'Waybill_No': {'value': 'Y8NZT00001634', 'cell_ref': 'G3', 'row': 3, 'col': 7}, 'Batch_No': {'value': '40965| 40966  ', 'cell_ref': 'H3', 'row': 3, 'col': 8}, 'Bag_No': {'value': 2322, 'cell_ref': 'I3', 'row': 3, 'col': 9}}, {'Order_No': {'value': 225321, 'cell_ref': 'A4', 'row': 4, 'col': 1}, 'Order_Creation_Date': {'value': '14/07/2026', 'cell_ref': 'B4', 'row': 4, 'col': 2}, 'Branch_Code': {'value': 4023, 'cell_ref': 'C4', 'row': 4, 'col': 3}, 'Branch_Name': {'value': 'Ceres Vos', 'cell_ref': 'D4', 'row': 4, 'col': 4}, 'Card_Type': {'value': 'DMCCLS', 'cell_ref': 'E4', 'row': 4, 'col': 5}, 'No_of_Batches': {'value': 5, 'cell_ref': 'F4', 'row': 4, 'col': 6}, 'Waybill_No': {'value': 'Y8NZT00001635', 'cell_ref': 'G4', 'row': 4, 'col': 7}, 'Batch_No': {'value': '0206167| 0206168| 0206169| 0206170| 0206171', 'cell_ref': 'H4', 'row': 4, 'col': 8}, 'Bag_No': {'value': 2321, 'cell_ref': 'I4', 'row': 4, 'col': 9}}]
2026-07-14 12:34:10 - CDRS - INFO - Loaded 3 data rows from DAILY OUTPUT FILE 14-07-2026 
2026-07-14 12:34:10 - CDRS - INFO - All batch counts are valid
2026-07-14 12:34:10 - CDRS - INFO - Validating bag numbers in DAILY OUTPUT FILE 14-07-2026 
2026-07-14 12:34:10 - CDRS - INFO - Sheet DAILY OUTPUT FILE 14-07-2026  max_row=4, total_raw_rows=4, non_empty_rows=4
2026-07-14 12:34:10 - CDRS - INFO - Loading data rows from sheet: DAILY OUTPUT FILE 14-07-2026 
2026-07-14 12:34:10 - CDRS - INFO - Using header row: 1
2026-07-14 12:34:10 - CDRS - INFO - Total raw rows read from Excel: 3
2026-07-14 12:34:10 - CDRS - INFO - First 5 rows of extracted data: [{'Order_No': {'value': 225292, 'cell_ref': 'A2', 'row': 2, 'col': 1}, 'Order_Creation_Date': {'value': '14/07/2026', 'cell_ref': 'B2', 'row': 2, 'col': 2}, 'Branch_Code': {'value': 2126, 'cell_ref': 'C2', 'row': 2, 'col': 3}, 'Branch_Name': {'value': 'PE Motherwell 31', 'cell_ref': 'D2', 'row': 2, 'col': 4}, 'Card_Type': {'value': 'SIM', 'cell_ref': 'E2', 'row': 2, 'col': 5}, 'No_of_Batches': {'value': 3, 'cell_ref': 'F2', 'row': 2, 'col': 6}, 'Waybill_No': {'value': 'Y8NZT00001633', 'cell_ref': 'G2', 'row': 2, 'col': 7}, 'Batch_No': {'value': '40962| 40963| 40964  ', 'cell_ref': 'H2', 'row': 2, 'col': 8}, 'Bag_No': {'value': 2320, 'cell_ref': 'I2', 'row': 2, 'col': 9}}, {'Order_No': {'value': 225308, 'cell_ref': 'A3', 'row': 3, 'col': 1}, 'Order_Creation_Date': {'value': '14/07/2026', 'cell_ref': 'B3', 'row': 3, 'col': 2}, 'Branch_Code': {'value': 2339, 'cell_ref': 'C3', 'row': 3, 'col': 3}, 'Branch_Name': {'value': 'Cape Town Parliament', 'cell_ref': 'D3', 'row': 3, 'col': 4}, 'Card_Type': {'value': 'SIM', 'cell_ref': 'E3', 'row': 3, 'col': 5}, 'No_of_Batches': {'value': 2, 'cell_ref': 'F3', 'row': 3, 'col': 6}, 'Waybill_No': {'value': 'Y8NZT00001634', 'cell_ref': 'G3', 'row': 3, 'col': 7}, 'Batch_No': {'value': '40965| 40966  ', 'cell_ref': 'H3', 'row': 3, 'col': 8}, 'Bag_No': {'value': 2322, 'cell_ref': 'I3', 'row': 3, 'col': 9}}, {'Order_No': {'value': 225321, 'cell_ref': 'A4', 'row': 4, 'col': 1}, 'Order_Creation_Date': {'value': '14/07/2026', 'cell_ref': 'B4', 'row': 4, 'col': 2}, 'Branch_Code': {'value': 4023, 'cell_ref': 'C4', 'row': 4, 'col': 3}, 'Branch_Name': {'value': 'Ceres Vos', 'cell_ref': 'D4', 'row': 4, 'col': 4}, 'Card_Type': {'value': 'DMCCLS', 'cell_ref': 'E4', 'row': 4, 'col': 5}, 'No_of_Batches': {'value': 5, 'cell_ref': 'F4', 'row': 4, 'col': 6}, 'Waybill_No': {'value': 'Y8NZT00001635', 'cell_ref': 'G4', 'row': 4, 'col': 7}, 'Batch_No': {'value': '0206167| 0206168| 0206169| 0206170| 0206171', 'cell_ref': 'H4', 'row': 4, 'col': 8}, 'Bag_No': {'value': 2321, 'cell_ref': 'I4', 'row': 4, 'col': 9}}]
2026-07-14 12:34:10 - CDRS - INFO - Loaded 3 data rows from DAILY OUTPUT FILE 14-07-2026 
2026-07-14 12:34:10 - CDRS - INFO - All bag numbers are valid
2026-07-14 12:34:10 - CDRS - INFO - Validating blank fields in DAILY OUTPUT FILE 14-07-2026 
2026-07-14 12:34:10 - CDRS - INFO - Sheet DAILY OUTPUT FILE 14-07-2026  max_row=4, total_raw_rows=4, non_empty_rows=4
2026-07-14 12:34:10 - CDRS - INFO - Loading data rows from sheet: DAILY OUTPUT FILE 14-07-2026 
2026-07-14 12:34:10 - CDRS - INFO - Using header row: 1
2026-07-14 12:34:10 - CDRS - INFO - Total raw rows read from Excel: 3
2026-07-14 12:34:10 - CDRS - INFO - First 5 rows of extracted data: [{'Order_No': {'value': 225292, 'cell_ref': 'A2', 'row': 2, 'col': 1}, 'Order_Creation_Date': {'value': '14/07/2026', 'cell_ref': 'B2', 'row': 2, 'col': 2}, 'Branch_Code': {'value': 2126, 'cell_ref': 'C2', 'row': 2, 'col': 3}, 'Branch_Name': {'value': 'PE Motherwell 31', 'cell_ref': 'D2', 'row': 2, 'col': 4}, 'Card_Type': {'value': 'SIM', 'cell_ref': 'E2', 'row': 2, 'col': 5}, 'No_of_Batches': {'value': 3, 'cell_ref': 'F2', 'row': 2, 'col': 6}, 'Waybill_No': {'value': 'Y8NZT00001633', 'cell_ref': 'G2', 'row': 2, 'col': 7}, 'Batch_No': {'value': '40962| 40963| 40964  ', 'cell_ref': 'H2', 'row': 2, 'col': 8}, 'Bag_No': {'value': 2320, 'cell_ref': 'I2', 'row': 2, 'col': 9}}, {'Order_No': {'value': 225308, 'cell_ref': 'A3', 'row': 3, 'col': 1}, 'Order_Creation_Date': {'value': '14/07/2026', 'cell_ref': 'B3', 'row': 3, 'col': 2}, 'Branch_Code': {'value': 2339, 'cell_ref': 'C3', 'row': 3, 'col': 3}, 'Branch_Name': {'value': 'Cape Town Parliament', 'cell_ref': 'D3', 'row': 3, 'col': 4}, 'Card_Type': {'value': 'SIM', 'cell_ref': 'E3', 'row': 3, 'col': 5}, 'No_of_Batches': {'value': 2, 'cell_ref': 'F3', 'row': 3, 'col': 6}, 'Waybill_No': {'value': 'Y8NZT00001634', 'cell_ref': 'G3', 'row': 3, 'col': 7}, 'Batch_No': {'value': '40965| 40966  ', 'cell_ref': 'H3', 'row': 3, 'col': 8}, 'Bag_No': {'value': 2322, 'cell_ref': 'I3', 'row': 3, 'col': 9}}, {'Order_No': {'value': 225321, 'cell_ref': 'A4', 'row': 4, 'col': 1}, 'Order_Creation_Date': {'value': '14/07/2026', 'cell_ref': 'B4', 'row': 4, 'col': 2}, 'Branch_Code': {'value': 4023, 'cell_ref': 'C4', 'row': 4, 'col': 3}, 'Branch_Name': {'value': 'Ceres Vos', 'cell_ref': 'D4', 'row': 4, 'col': 4}, 'Card_Type': {'value': 'DMCCLS', 'cell_ref': 'E4', 'row': 4, 'col': 5}, 'No_of_Batches': {'value': 5, 'cell_ref': 'F4', 'row': 4, 'col': 6}, 'Waybill_No': {'value': 'Y8NZT00001635', 'cell_ref': 'G4', 'row': 4, 'col': 7}, 'Batch_No': {'value': '0206167| 0206168| 0206169| 0206170| 0206171', 'cell_ref': 'H4', 'row': 4, 'col': 8}, 'Bag_No': {'value': 2321, 'cell_ref': 'I4', 'row': 4, 'col': 9}}]
2026-07-14 12:34:10 - CDRS - INFO - Loaded 3 data rows from DAILY OUTPUT FILE 14-07-2026 
2026-07-14 12:34:10 - CDRS - INFO - No blank mandatory fields found
2026-07-14 12:34:10 - CDRS - INFO - Validating card types in DAILY OUTPUT FILE 14-07-2026 
2026-07-14 12:34:10 - CDRS - DEBUG - Headers from DAILY OUTPUT FILE 14-07-2026 : ['Order_No', 'Order_Creation_Date', 'Branch_Code', 'Branch_Name', 'Card_Type', 'No_of_Batches', 'Waybill_No', 'Batch_No', 'Bag_No']
2026-07-14 12:34:10 - CDRS - DEBUG - Retrieved 3 values from column 'Card_Type'
2026-07-14 12:34:10 - CDRS - INFO - All card types are valid
2026-07-14 12:34:10 - CDRS - INFO - Validation completed. Passed: True, Errors: 0, Duration: 0.21s
2026-07-14 12:34:10 - CDRS - INFO - Workbook closed
2026-07-14 12:34:10 - CDRS - INFO - Backup created: backups\20260714_123410_CAPITEC_DAILY_ORDERS_REPORT_JULY_2026_20260714_123410.bak
2026-07-14 12:35:03 - CDRS - INFO - Starting validation for: C:\Users\Obedbosh\Music\OBED BOSHIELO\Capitec-Reconciliation-System\web_dashboard\uploads\20260714_123503_CAPITEC_DAILY_ORDERS_REPORT_JULY_2026.xlsx
2026-07-14 12:35:03 - CDRS - INFO - Workbook loaded successfully: C:\Users\Obedbosh\Music\OBED BOSHIELO\Capitec-Reconciliation-System\web_dashboard\uploads\20260714_123503_CAPITEC_DAILY_ORDERS_REPORT_JULY_2026.xlsx
2026-07-14 12:35:03 - CDRS - INFO - Found 11 worksheets: ['DAILY OUTPUT FILE 01-07-2026 ', 'DAILY OUTPUT FILE 02-07-2026', 'DAILY OUTPUT FILE 03-07-2026 ', 'DAILY OUTPUT FILE 06-07-2026', 'DAILY OUTPUT FILE 07-07-2026', 'DAILY OUTPUT FILE 08-07-2026', 'DAILY OUTPUT FILE 10-07-2026', 'DAILY OUTPUT FILE 13-07-2026', 'DAILY OUTPUT FILE 14-07-2026 ', 'CAPITEC SUMMARY FILE REPORT ', 'DSV CONSUMABLES ']
2026-07-14 12:35:03 - CDRS - INFO - Selected Daily Output sheet: DAILY OUTPUT FILE 14-07-2026 
2026-07-14 12:35:03 - CDRS - INFO - Using daily worksheet for validation: DAILY OUTPUT FILE 14-07-2026 
2026-07-14 12:35:03 - CDRS - INFO - Selected sheet 'DAILY OUTPUT FILE 14-07-2026 ' max_row=4 total_raw_rows=4 non_empty_rows=4
2026-07-14 12:35:03 - CDRS - INFO - Sample first 5 raw rows: [('Order_No', 'Order_Creation_Date', 'Branch_Code', 'Branch_Name', 'Card_Type', 'No_of_Batches', 'Waybill_No', 'Batch_No', 'Bag_No'), (225292, '14/07/2026', 2126, 'PE Motherwell 31', 'SIM', 3, 'Y8NZT00001633', '40962| 40963| 40964  ', 2320), (225308, '14/07/2026', 2339, 'Cape Town Parliament', 'SIM', 2, 'Y8NZT00001634', '40965| 40966  ', 2322), (225321, '14/07/2026', 4023, 'Ceres Vos', 'DMCCLS', 5, 'Y8NZT00001635', '0206167| 0206168| 0206169| 0206170| 0206171', 2321)]
2026-07-14 12:35:03 - CDRS - INFO - Validating headers in DAILY OUTPUT FILE 14-07-2026 
2026-07-14 12:35:03 - CDRS - DEBUG - Headers from DAILY OUTPUT FILE 14-07-2026 : ['Order_No', 'Order_Creation_Date', 'Branch_Code', 'Branch_Name', 'Card_Type', 'No_of_Batches', 'Waybill_No', 'Batch_No', 'Bag_No']
2026-07-14 12:35:03 - CDRS - INFO - All required headers present: {'Branch_Name', 'Order_Creation_Date', 'Batch_No', 'Branch_Code', 'Order_No', 'Bag_No', 'No_of_Batches', 'Waybill_No', 'Card_Type'}
2026-07-14 12:35:03 - CDRS - INFO - Validating duplicates in DAILY OUTPUT FILE 14-07-2026 
2026-07-14 12:35:03 - CDRS - DEBUG - Headers from DAILY OUTPUT FILE 14-07-2026 : ['Order_No', 'Order_Creation_Date', 'Branch_Code', 'Branch_Name', 'Card_Type', 'No_of_Batches', 'Waybill_No', 'Batch_No', 'Bag_No']
2026-07-14 12:35:03 - CDRS - DEBUG - Retrieved 3 values from column 'Batch_No'
2026-07-14 12:35:03 - CDRS - INFO - No duplicate batch numbers found
2026-07-14 12:35:03 - CDRS - INFO - Validating batch counts in DAILY OUTPUT FILE 14-07-2026 
2026-07-14 12:35:03 - CDRS - INFO - Sheet DAILY OUTPUT FILE 14-07-2026  max_row=4, total_raw_rows=4, non_empty_rows=4
2026-07-14 12:35:03 - CDRS - INFO - Loading data rows from sheet: DAILY OUTPUT FILE 14-07-2026 
2026-07-14 12:35:03 - CDRS - INFO - Using header row: 1
2026-07-14 12:35:03 - CDRS - INFO - Total raw rows read from Excel: 3
2026-07-14 12:35:03 - CDRS - INFO - First 5 rows of extracted data: [{'Order_No': {'value': 225292, 'cell_ref': 'A2', 'row': 2, 'col': 1}, 'Order_Creation_Date': {'value': '14/07/2026', 'cell_ref': 'B2', 'row': 2, 'col': 2}, 'Branch_Code': {'value': 2126, 'cell_ref': 'C2', 'row': 2, 'col': 3}, 'Branch_Name': {'value': 'PE Motherwell 31', 'cell_ref': 'D2', 'row': 2, 'col': 4}, 'Card_Type': {'value': 'SIM', 'cell_ref': 'E2', 'row': 2, 'col': 5}, 'No_of_Batches': {'value': 3, 'cell_ref': 'F2', 'row': 2, 'col': 6}, 'Waybill_No': {'value': 'Y8NZT00001633', 'cell_ref': 'G2', 'row': 2, 'col': 7}, 'Batch_No': {'value': '40962| 40963| 40964  ', 'cell_ref': 'H2', 'row': 2, 'col': 8}, 'Bag_No': {'value': 2320, 'cell_ref': 'I2', 'row': 2, 'col': 9}}, {'Order_No': {'value': 225308, 'cell_ref': 'A3', 'row': 3, 'col': 1}, 'Order_Creation_Date': {'value': '14/07/2026', 'cell_ref': 'B3', 'row': 3, 'col': 2}, 'Branch_Code': {'value': 2339, 'cell_ref': 'C3', 'row': 3, 'col': 3}, 'Branch_Name': {'value': 'Cape Town Parliament', 'cell_ref': 'D3', 'row': 3, 'col': 4}, 'Card_Type': {'value': 'SIM', 'cell_ref': 'E3', 'row': 3, 'col': 5}, 'No_of_Batches': {'value': 2, 'cell_ref': 'F3', 'row': 3, 'col': 6}, 'Waybill_No': {'value': 'Y8NZT00001634', 'cell_ref': 'G3', 'row': 3, 'col': 7}, 'Batch_No': {'value': '40965| 40966  ', 'cell_ref': 'H3', 'row': 3, 'col': 8}, 'Bag_No': {'value': 2322, 'cell_ref': 'I3', 'row': 3, 'col': 9}}, {'Order_No': {'value': 225321, 'cell_ref': 'A4', 'row': 4, 'col': 1}, 'Order_Creation_Date': {'value': '14/07/2026', 'cell_ref': 'B4', 'row': 4, 'col': 2}, 'Branch_Code': {'value': 4023, 'cell_ref': 'C4', 'row': 4, 'col': 3}, 'Branch_Name': {'value': 'Ceres Vos', 'cell_ref': 'D4', 'row': 4, 'col': 4}, 'Card_Type': {'value': 'DMCCLS', 'cell_ref': 'E4', 'row': 4, 'col': 5}, 'No_of_Batches': {'value': 5, 'cell_ref': 'F4', 'row': 4, 'col': 6}, 'Waybill_No': {'value': 'Y8NZT00001635', 'cell_ref': 'G4', 'row': 4, 'col': 7}, 'Batch_No': {'value': '0206167| 0206168| 0206169| 0206170| 0206171', 'cell_ref': 'H4', 'row': 4, 'col': 8}, 'Bag_No': {'value': 2321, 'cell_ref': 'I4', 'row': 4, 'col': 9}}]
2026-07-14 12:35:03 - CDRS - INFO - Loaded 3 data rows from DAILY OUTPUT FILE 14-07-2026 
2026-07-14 12:35:03 - CDRS - INFO - All batch counts are valid
2026-07-14 12:35:03 - CDRS - INFO - Validating bag numbers in DAILY OUTPUT FILE 14-07-2026 
2026-07-14 12:35:03 - CDRS - INFO - Sheet DAILY OUTPUT FILE 14-07-2026  max_row=4, total_raw_rows=4, non_empty_rows=4
2026-07-14 12:35:03 - CDRS - INFO - Loading data rows from sheet: DAILY OUTPUT FILE 14-07-2026 
2026-07-14 12:35:03 - CDRS - INFO - Using header row: 1
2026-07-14 12:35:03 - CDRS - INFO - Total raw rows read from Excel: 3
2026-07-14 12:35:03 - CDRS - INFO - First 5 rows of extracted data: [{'Order_No': {'value': 225292, 'cell_ref': 'A2', 'row': 2, 'col': 1}, 'Order_Creation_Date': {'value': '14/07/2026', 'cell_ref': 'B2', 'row': 2, 'col': 2}, 'Branch_Code': {'value': 2126, 'cell_ref': 'C2', 'row': 2, 'col': 3}, 'Branch_Name': {'value': 'PE Motherwell 31', 'cell_ref': 'D2', 'row': 2, 'col': 4}, 'Card_Type': {'value': 'SIM', 'cell_ref': 'E2', 'row': 2, 'col': 5}, 'No_of_Batches': {'value': 3, 'cell_ref': 'F2', 'row': 2, 'col': 6}, 'Waybill_No': {'value': 'Y8NZT00001633', 'cell_ref': 'G2', 'row': 2, 'col': 7}, 'Batch_No': {'value': '40962| 40963| 40964  ', 'cell_ref': 'H2', 'row': 2, 'col': 8}, 'Bag_No': {'value': 2320, 'cell_ref': 'I2', 'row': 2, 'col': 9}}, {'Order_No': {'value': 225308, 'cell_ref': 'A3', 'row': 3, 'col': 1}, 'Order_Creation_Date': {'value': '14/07/2026', 'cell_ref': 'B3', 'row': 3, 'col': 2}, 'Branch_Code': {'value': 2339, 'cell_ref': 'C3', 'row': 3, 'col': 3}, 'Branch_Name': {'value': 'Cape Town Parliament', 'cell_ref': 'D3', 'row': 3, 'col': 4}, 'Card_Type': {'value': 'SIM', 'cell_ref': 'E3', 'row': 3, 'col': 5}, 'No_of_Batches': {'value': 2, 'cell_ref': 'F3', 'row': 3, 'col': 6}, 'Waybill_No': {'value': 'Y8NZT00001634', 'cell_ref': 'G3', 'row': 3, 'col': 7}, 'Batch_No': {'value': '40965| 40966  ', 'cell_ref': 'H3', 'row': 3, 'col': 8}, 'Bag_No': {'value': 2322, 'cell_ref': 'I3', 'row': 3, 'col': 9}}, {'Order_No': {'value': 225321, 'cell_ref': 'A4', 'row': 4, 'col': 1}, 'Order_Creation_Date': {'value': '14/07/2026', 'cell_ref': 'B4', 'row': 4, 'col': 2}, 'Branch_Code': {'value': 4023, 'cell_ref': 'C4', 'row': 4, 'col': 3}, 'Branch_Name': {'value': 'Ceres Vos', 'cell_ref': 'D4', 'row': 4, 'col': 4}, 'Card_Type': {'value': 'DMCCLS', 'cell_ref': 'E4', 'row': 4, 'col': 5}, 'No_of_Batches': {'value': 5, 'cell_ref': 'F4', 'row': 4, 'col': 6}, 'Waybill_No': {'value': 'Y8NZT00001635', 'cell_ref': 'G4', 'row': 4, 'col': 7}, 'Batch_No': {'value': '0206167| 0206168| 0206169| 0206170| 0206171', 'cell_ref': 'H4', 'row': 4, 'col': 8}, 'Bag_No': {'value': 2321, 'cell_ref': 'I4', 'row': 4, 'col': 9}}]
2026-07-14 12:35:03 - CDRS - INFO - Loaded 3 data rows from DAILY OUTPUT FILE 14-07-2026 
2026-07-14 12:35:03 - CDRS - INFO - All bag numbers are valid
2026-07-14 12:35:03 - CDRS - INFO - Validating blank fields in DAILY OUTPUT FILE 14-07-2026 
2026-07-14 12:35:03 - CDRS - INFO - Sheet DAILY OUTPUT FILE 14-07-2026  max_row=4, total_raw_rows=4, non_empty_rows=4
2026-07-14 12:35:03 - CDRS - INFO - Loading data rows from sheet: DAILY OUTPUT FILE 14-07-2026 
2026-07-14 12:35:03 - CDRS - INFO - Using header row: 1
2026-07-14 12:35:03 - CDRS - INFO - Total raw rows read from Excel: 3
2026-07-14 12:35:03 - CDRS - INFO - First 5 rows of extracted data: [{'Order_No': {'value': 225292, 'cell_ref': 'A2', 'row': 2, 'col': 1}, 'Order_Creation_Date': {'value': '14/07/2026', 'cell_ref': 'B2', 'row': 2, 'col': 2}, 'Branch_Code': {'value': 2126, 'cell_ref': 'C2', 'row': 2, 'col': 3}, 'Branch_Name': {'value': 'PE Motherwell 31', 'cell_ref': 'D2', 'row': 2, 'col': 4}, 'Card_Type': {'value': 'SIM', 'cell_ref': 'E2', 'row': 2, 'col': 5}, 'No_of_Batches': {'value': 3, 'cell_ref': 'F2', 'row': 2, 'col': 6}, 'Waybill_No': {'value': 'Y8NZT00001633', 'cell_ref': 'G2', 'row': 2, 'col': 7}, 'Batch_No': {'value': '40962| 40963| 40964  ', 'cell_ref': 'H2', 'row': 2, 'col': 8}, 'Bag_No': {'value': 2320, 'cell_ref': 'I2', 'row': 2, 'col': 9}}, {'Order_No': {'value': 225308, 'cell_ref': 'A3', 'row': 3, 'col': 1}, 'Order_Creation_Date': {'value': '14/07/2026', 'cell_ref': 'B3', 'row': 3, 'col': 2}, 'Branch_Code': {'value': 2339, 'cell_ref': 'C3', 'row': 3, 'col': 3}, 'Branch_Name': {'value': 'Cape Town Parliament', 'cell_ref': 'D3', 'row': 3, 'col': 4}, 'Card_Type': {'value': 'SIM', 'cell_ref': 'E3', 'row': 3, 'col': 5}, 'No_of_Batches': {'value': 2, 'cell_ref': 'F3', 'row': 3, 'col': 6}, 'Waybill_No': {'value': 'Y8NZT00001634', 'cell_ref': 'G3', 'row': 3, 'col': 7}, 'Batch_No': {'value': '40965| 40966  ', 'cell_ref': 'H3', 'row': 3, 'col': 8}, 'Bag_No': {'value': 2322, 'cell_ref': 'I3', 'row': 3, 'col': 9}}, {'Order_No': {'value': 225321, 'cell_ref': 'A4', 'row': 4, 'col': 1}, 'Order_Creation_Date': {'value': '14/07/2026', 'cell_ref': 'B4', 'row': 4, 'col': 2}, 'Branch_Code': {'value': 4023, 'cell_ref': 'C4', 'row': 4, 'col': 3}, 'Branch_Name': {'value': 'Ceres Vos', 'cell_ref': 'D4', 'row': 4, 'col': 4}, 'Card_Type': {'value': 'DMCCLS', 'cell_ref': 'E4', 'row': 4, 'col': 5}, 'No_of_Batches': {'value': 5, 'cell_ref': 'F4', 'row': 4, 'col': 6}, 'Waybill_No': {'value': 'Y8NZT00001635', 'cell_ref': 'G4', 'row': 4, 'col': 7}, 'Batch_No': {'value': '0206167| 0206168| 0206169| 0206170| 0206171', 'cell_ref': 'H4', 'row': 4, 'col': 8}, 'Bag_No': {'value': 2321, 'cell_ref': 'I4', 'row': 4, 'col': 9}}]
2026-07-14 12:35:03 - CDRS - INFO - Loaded 3 data rows from DAILY OUTPUT FILE 14-07-2026 
2026-07-14 12:35:03 - CDRS - INFO - No blank mandatory fields found
2026-07-14 12:35:03 - CDRS - INFO - Validating card types in DAILY OUTPUT FILE 14-07-2026 
2026-07-14 12:35:03 - CDRS - DEBUG - Headers from DAILY OUTPUT FILE 14-07-2026 : ['Order_No', 'Order_Creation_Date', 'Branch_Code', 'Branch_Name', 'Card_Type', 'No_of_Batches', 'Waybill_No', 'Batch_No', 'Bag_No']
2026-07-14 12:35:03 - CDRS - DEBUG - Retrieved 3 values from column 'Card_Type'
2026-07-14 12:35:03 - CDRS - INFO - All card types are valid
2026-07-14 12:35:03 - CDRS - INFO - Validation completed. Passed: True, Errors: 0, Duration: 0.08s
2026-07-14 12:35:03 - CDRS - INFO - Workbook closed
2026-07-14 12:35:03 - CDRS - INFO - Backup created: backups\20260714_123503_CAPITEC_DAILY_ORDERS_REPORT_JULY_2026_20260714_123503.bak
2026-07-14 12:36:42 - CDRS - INFO - Starting validation for: C:\Users\Obedbosh\Music\OBED BOSHIELO\Capitec-Reconciliation-System\web_dashboard\uploads\20260714_123642_CAPITEC_DAILY_ORDERS_REPORT_JULY_2026.xlsx
2026-07-14 12:36:43 - CDRS - INFO - Workbook loaded successfully: C:\Users\Obedbosh\Music\OBED BOSHIELO\Capitec-Reconciliation-System\web_dashboard\uploads\20260714_123642_CAPITEC_DAILY_ORDERS_REPORT_JULY_2026.xlsx
2026-07-14 12:36:43 - CDRS - INFO - Found 10 worksheets: ['DAILY OUTPUT FILE 01-07-2026 ', 'DAILY OUTPUT FILE 02-07-2026', 'DAILY OUTPUT FILE 03-07-2026 ', 'DAILY OUTPUT FILE 06-07-2026', 'DAILY OUTPUT FILE 07-07-2026', 'DAILY OUTPUT FILE 08-07-2026', 'DAILY OUTPUT FILE 10-07-2026', 'DAILY OUTPUT FILE 13-07-2026', 'CAPITEC SUMMARY FILE REPORT ', 'DSV CONSUMABLES ']
2026-07-14 12:36:43 - CDRS - INFO - Selected Daily Output sheet: DAILY OUTPUT FILE 13-07-2026
2026-07-14 12:36:43 - CDRS - INFO - Using daily worksheet for validation: DAILY OUTPUT FILE 13-07-2026
2026-07-14 12:36:43 - CDRS - INFO - Selected sheet 'DAILY OUTPUT FILE 13-07-2026' max_row=124 total_raw_rows=124 non_empty_rows=124
2026-07-14 12:36:43 - CDRS - INFO - Sample first 5 raw rows: [('Order_No', 'Order_Creation_Date', 'Branch_Code', 'Branch_Name', 'Card_Type', 'No_of_Batches', 'Waybill_No', 'Batch_No', 'Bag_No'), (224968, '13/07/2026', 2086, 'Malelane Inkwazi', 'SIM', 2, 'Y8NZT00001484', '40595| 40594', '0129'), (224971, '13/07/2026', 2103, 'Northam Plaza 13', 'SIM', 7, 'Y8NZT00001485| Y8NZT00001629', '40586| 40589| 40590| 40591| 40592| 40596|40597', '2348| 0126'), (224981, '13/07/2026', 2195, 'Matatiele', 'SIM', 2, 'Y8NZT00001486', '40588| 40587', '0122'), (224982, '13/07/2026', 2202, 'Lichtenburg Parkview Centre', 'SIM', 4, 'Y8NZT00001487', '40593| 40583| 40585| 40584', 2354)]
2026-07-14 12:36:43 - CDRS - INFO - Validating headers in DAILY OUTPUT FILE 13-07-2026
2026-07-14 12:36:43 - CDRS - DEBUG - Headers from DAILY OUTPUT FILE 13-07-2026: ['Order_No', 'Order_Creation_Date', 'Branch_Code', 'Branch_Name', 'Card_Type', 'No_of_Batches', 'Waybill_No', 'Batch_No', 'Bag_No']
2026-07-14 12:36:43 - CDRS - INFO - All required headers present: {'Branch_Name', 'Order_Creation_Date', 'Batch_No', 'Branch_Code', 'Order_No', 'Bag_No', 'No_of_Batches', 'Waybill_No', 'Card_Type'}
2026-07-14 12:36:43 - CDRS - INFO - Validating duplicates in DAILY OUTPUT FILE 13-07-2026
2026-07-14 12:36:43 - CDRS - DEBUG - Headers from DAILY OUTPUT FILE 13-07-2026: ['Order_No', 'Order_Creation_Date', 'Branch_Code', 'Branch_Name', 'Card_Type', 'No_of_Batches', 'Waybill_No', 'Batch_No', 'Bag_No']
2026-07-14 12:36:43 - CDRS - DEBUG - Retrieved 123 values from column 'Batch_No'
2026-07-14 12:36:43 - CDRS - INFO - No duplicate batch numbers found
2026-07-14 12:36:43 - CDRS - INFO - Validating batch counts in DAILY OUTPUT FILE 13-07-2026
2026-07-14 12:36:43 - CDRS - INFO - Sheet DAILY OUTPUT FILE 13-07-2026 max_row=124, total_raw_rows=124, non_empty_rows=124
2026-07-14 12:36:43 - CDRS - INFO - Loading data rows from sheet: DAILY OUTPUT FILE 13-07-2026
2026-07-14 12:36:43 - CDRS - INFO - Using header row: 1
2026-07-14 12:36:43 - CDRS - INFO - Total raw rows read from Excel: 123
2026-07-14 12:36:43 - CDRS - INFO - First 5 rows of extracted data: [{'Order_No': {'value': 224968, 'cell_ref': 'A2', 'row': 2, 'col': 1}, 'Order_Creation_Date': {'value': '13/07/2026', 'cell_ref': 'B2', 'row': 2, 'col': 2}, 'Branch_Code': {'value': 2086, 'cell_ref': 'C2', 'row': 2, 'col': 3}, 'Branch_Name': {'value': 'Malelane Inkwazi', 'cell_ref': 'D2', 'row': 2, 'col': 4}, 'Card_Type': {'value': 'SIM', 'cell_ref': 'E2', 'row': 2, 'col': 5}, 'No_of_Batches': {'value': 2, 'cell_ref': 'F2', 'row': 2, 'col': 6}, 'Waybill_No': {'value': 'Y8NZT00001484', 'cell_ref': 'G2', 'row': 2, 'col': 7}, 'Batch_No': {'value': '40595| 40594', 'cell_ref': 'H2', 'row': 2, 'col': 8}, 'Bag_No': {'value': '0129', 'cell_ref': 'I2', 'row': 2, 'col': 9}}, {'Order_No': {'value': 224971, 'cell_ref': 'A3', 'row': 3, 'col': 1}, 'Order_Creation_Date': {'value': '13/07/2026', 'cell_ref': 'B3', 'row': 3, 'col': 2}, 'Branch_Code': {'value': 2103, 'cell_ref': 'C3', 'row': 3, 'col': 3}, 'Branch_Name': {'value': 'Northam Plaza 13', 'cell_ref': 'D3', 'row': 3, 'col': 4}, 'Card_Type': {'value': 'SIM', 'cell_ref': 'E3', 'row': 3, 'col': 5}, 'No_of_Batches': {'value': 7, 'cell_ref': 'F3', 'row': 3, 'col': 6}, 'Waybill_No': {'value': 'Y8NZT00001485| Y8NZT00001629', 'cell_ref': 'G3', 'row': 3, 'col': 7}, 'Batch_No': {'value': '40586| 40589| 40590| 40591| 40592| 40596|40597', 'cell_ref': 'H3', 'row': 3, 'col': 8}, 'Bag_No': {'value': '2348| 0126', 'cell_ref': 'I3', 'row': 3, 'col': 9}}, {'Order_No': {'value': 224981, 'cell_ref': 'A4', 'row': 4, 'col': 1}, 'Order_Creation_Date': {'value': '13/07/2026', 'cell_ref': 'B4', 'row': 4, 'col': 2}, 'Branch_Code': {'value': 2195, 'cell_ref': 'C4', 'row': 4, 'col': 3}, 'Branch_Name': {'value': 'Matatiele', 'cell_ref': 'D4', 'row': 4, 'col': 4}, 'Card_Type': {'value': 'SIM', 'cell_ref': 'E4', 'row': 4, 'col': 5}, 'No_of_Batches': {'value': 2, 'cell_ref': 'F4', 'row': 4, 'col': 6}, 'Waybill_No': {'value': 'Y8NZT00001486', 'cell_ref': 'G4', 'row': 4, 'col': 7}, 'Batch_No': {'value': '40588| 40587', 'cell_ref': 'H4', 'row': 4, 'col': 8}, 'Bag_No': {'value': '0122', 'cell_ref': 'I4', 'row': 4, 'col': 9}}, {'Order_No': {'value': 224982, 'cell_ref': 'A5', 'row': 5, 'col': 1}, 'Order_Creation_Date': {'value': '13/07/2026', 'cell_ref': 'B5', 'row': 5, 'col': 2}, 'Branch_Code': {'value': 2202, 'cell_ref': 'C5', 'row': 5, 'col': 3}, 'Branch_Name': {'value': 'Lichtenburg Parkview Centre', 'cell_ref': 'D5', 'row': 5, 'col': 4}, 'Card_Type': {'value': 'SIM', 'cell_ref': 'E5', 'row': 5, 'col': 5}, 'No_of_Batches': {'value': 4, 'cell_ref': 'F5', 'row': 5, 'col': 6}, 'Waybill_No': {'value': 'Y8NZT00001487', 'cell_ref': 'G5', 'row': 5, 'col': 7}, 'Batch_No': {'value': '40593| 40583| 40585| 40584', 'cell_ref': 'H5', 'row': 5, 'col': 8}, 'Bag_No': {'value': 2354, 'cell_ref': 'I5', 'row': 5, 'col': 9}}, {'Order_No': {'value': 224984, 'cell_ref': 'A6', 'row': 6, 'col': 1}, 'Order_Creation_Date': {'value': '13/07/2026', 'cell_ref': 'B6', 'row': 6, 'col': 2}, 'Branch_Code': {'value': 2218, 'cell_ref': 'C6', 'row': 6, 'col': 3}, 'Branch_Name': {'value': 'Harmony Elandsrand', 'cell_ref': 'D6', 'row': 6, 'col': 4}, 'Card_Type': {'value': 'SIM', 'cell_ref': 'E6', 'row': 6, 'col': 5}, 'No_of_Batches': {'value': 2, 'cell_ref': 'F6', 'row': 6, 'col': 6}, 'Waybill_No': {'value': 'Y8NZT00001488', 'cell_ref': 'G6', 'row': 6, 'col': 7}, 'Batch_No': {'value': '40578|40579', 'cell_ref': 'H6', 'row': 6, 'col': 8}, 'Bag_No': {'value': 2353, 'cell_ref': 'I6', 'row': 6, 'col': 9}}]
2026-07-14 12:36:43 - CDRS - INFO - Loaded 123 data rows from DAILY OUTPUT FILE 13-07-2026
2026-07-14 12:36:43 - CDRS - INFO - All batch counts are valid
2026-07-14 12:36:43 - CDRS - INFO - Validating bag numbers in DAILY OUTPUT FILE 13-07-2026
2026-07-14 12:36:43 - CDRS - INFO - Sheet DAILY OUTPUT FILE 13-07-2026 max_row=124, total_raw_rows=124, non_empty_rows=124
2026-07-14 12:36:43 - CDRS - INFO - Loading data rows from sheet: DAILY OUTPUT FILE 13-07-2026
2026-07-14 12:36:43 - CDRS - INFO - Using header row: 1
2026-07-14 12:36:43 - CDRS - INFO - Total raw rows read from Excel: 123
2026-07-14 12:36:43 - CDRS - INFO - First 5 rows of extracted data: [{'Order_No': {'value': 224968, 'cell_ref': 'A2', 'row': 2, 'col': 1}, 'Order_Creation_Date': {'value': '13/07/2026', 'cell_ref': 'B2', 'row': 2, 'col': 2}, 'Branch_Code': {'value': 2086, 'cell_ref': 'C2', 'row': 2, 'col': 3}, 'Branch_Name': {'value': 'Malelane Inkwazi', 'cell_ref': 'D2', 'row': 2, 'col': 4}, 'Card_Type': {'value': 'SIM', 'cell_ref': 'E2', 'row': 2, 'col': 5}, 'No_of_Batches': {'value': 2, 'cell_ref': 'F2', 'row': 2, 'col': 6}, 'Waybill_No': {'value': 'Y8NZT00001484', 'cell_ref': 'G2', 'row': 2, 'col': 7}, 'Batch_No': {'value': '40595| 40594', 'cell_ref': 'H2', 'row': 2, 'col': 8}, 'Bag_No': {'value': '0129', 'cell_ref': 'I2', 'row': 2, 'col': 9}}, {'Order_No': {'value': 224971, 'cell_ref': 'A3', 'row': 3, 'col': 1}, 'Order_Creation_Date': {'value': '13/07/2026', 'cell_ref': 'B3', 'row': 3, 'col': 2}, 'Branch_Code': {'value': 2103, 'cell_ref': 'C3', 'row': 3, 'col': 3}, 'Branch_Name': {'value': 'Northam Plaza 13', 'cell_ref': 'D3', 'row': 3, 'col': 4}, 'Card_Type': {'value': 'SIM', 'cell_ref': 'E3', 'row': 3, 'col': 5}, 'No_of_Batches': {'value': 7, 'cell_ref': 'F3', 'row': 3, 'col': 6}, 'Waybill_No': {'value': 'Y8NZT00001485| Y8NZT00001629', 'cell_ref': 'G3', 'row': 3, 'col': 7}, 'Batch_No': {'value': '40586| 40589| 40590| 40591| 40592| 40596|40597', 'cell_ref': 'H3', 'row': 3, 'col': 8}, 'Bag_No': {'value': '2348| 0126', 'cell_ref': 'I3', 'row': 3, 'col': 9}}, {'Order_No': {'value': 224981, 'cell_ref': 'A4', 'row': 4, 'col': 1}, 'Order_Creation_Date': {'value': '13/07/2026', 'cell_ref': 'B4', 'row': 4, 'col': 2}, 'Branch_Code': {'value': 2195, 'cell_ref': 'C4', 'row': 4, 'col': 3}, 'Branch_Name': {'value': 'Matatiele', 'cell_ref': 'D4', 'row': 4, 'col': 4}, 'Card_Type': {'value': 'SIM', 'cell_ref': 'E4', 'row': 4, 'col': 5}, 'No_of_Batches': {'value': 2, 'cell_ref': 'F4', 'row': 4, 'col': 6}, 'Waybill_No': {'value': 'Y8NZT00001486', 'cell_ref': 'G4', 'row': 4, 'col': 7}, 'Batch_No': {'value': '40588| 40587', 'cell_ref': 'H4', 'row': 4, 'col': 8}, 'Bag_No': {'value': '0122', 'cell_ref': 'I4', 'row': 4, 'col': 9}}, {'Order_No': {'value': 224982, 'cell_ref': 'A5', 'row': 5, 'col': 1}, 'Order_Creation_Date': {'value': '13/07/2026', 'cell_ref': 'B5', 'row': 5, 'col': 2}, 'Branch_Code': {'value': 2202, 'cell_ref': 'C5', 'row': 5, 'col': 3}, 'Branch_Name': {'value': 'Lichtenburg Parkview Centre', 'cell_ref': 'D5', 'row': 5, 'col': 4}, 'Card_Type': {'value': 'SIM', 'cell_ref': 'E5', 'row': 5, 'col': 5}, 'No_of_Batches': {'value': 4, 'cell_ref': 'F5', 'row': 5, 'col': 6}, 'Waybill_No': {'value': 'Y8NZT00001487', 'cell_ref': 'G5', 'row': 5, 'col': 7}, 'Batch_No': {'value': '40593| 40583| 40585| 40584', 'cell_ref': 'H5', 'row': 5, 'col': 8}, 'Bag_No': {'value': 2354, 'cell_ref': 'I5', 'row': 5, 'col': 9}}, {'Order_No': {'value': 224984, 'cell_ref': 'A6', 'row': 6, 'col': 1}, 'Order_Creation_Date': {'value': '13/07/2026', 'cell_ref': 'B6', 'row': 6, 'col': 2}, 'Branch_Code': {'value': 2218, 'cell_ref': 'C6', 'row': 6, 'col': 3}, 'Branch_Name': {'value': 'Harmony Elandsrand', 'cell_ref': 'D6', 'row': 6, 'col': 4}, 'Card_Type': {'value': 'SIM', 'cell_ref': 'E6', 'row': 6, 'col': 5}, 'No_of_Batches': {'value': 2, 'cell_ref': 'F6', 'row': 6, 'col': 6}, 'Waybill_No': {'value': 'Y8NZT00001488', 'cell_ref': 'G6', 'row': 6, 'col': 7}, 'Batch_No': {'value': '40578|40579', 'cell_ref': 'H6', 'row': 6, 'col': 8}, 'Bag_No': {'value': 2353, 'cell_ref': 'I6', 'row': 6, 'col': 9}}]
2026-07-14 12:36:43 - CDRS - INFO - Loaded 123 data rows from DAILY OUTPUT FILE 13-07-2026
2026-07-14 12:36:43 - CDRS - WARNING - Row 3: Invalid Bag_No format '2348| 0126'. Must be numeric or start with exactly one apostrophe followed by digits.
2026-07-14 12:36:43 - CDRS - WARNING - Row 9: Invalid Bag_No format '2351| 2360| 2362'. Must be numeric or start with exactly one apostrophe followed by digits.
2026-07-14 12:36:43 - CDRS - WARNING - Row 13: Invalid Bag_No format '2358| 2359'. Must be numeric or start with exactly one apostrophe followed by digits.
2026-07-14 12:36:43 - CDRS - WARNING - Row 14: Invalid Bag_No format '2363| 2355'. Must be numeric or start with exactly one apostrophe followed by digits.
2026-07-14 12:36:43 - CDRS - WARNING - Row 17: Invalid Bag_No format '2367| 2366'. Must be numeric or start with exactly one apostrophe followed by digits.
2026-07-14 12:36:43 - CDRS - WARNING - Row 21: Invalid Bag_No format '0131| 0130'. Must be numeric or start with exactly one apostrophe followed by digits.
2026-07-14 12:36:43 - CDRS - WARNING - Row 30: Invalid Bag_No format '1644| 1643'. Must be numeric or start with exactly one apostrophe followed by digits.
2026-07-14 12:36:43 - CDRS - WARNING - Row 33: Invalid Bag_No format '1647|1462'. Must be numeric or start with exactly one apostrophe followed by digits.
2026-07-14 12:36:43 - CDRS - WARNING - Row 34: Invalid Bag_No format '1463| 1464'. Must be numeric or start with exactly one apostrophe followed by digits.
2026-07-14 12:36:43 - CDRS - WARNING - Row 37: Invalid Bag_No format '1467| 1468'. Must be numeric or start with exactly one apostrophe followed by digits.
2026-07-14 12:36:43 - CDRS - WARNING - Row 44: Invalid Bag_No format '1476| 1477'. Must be numeric or start with exactly one apostrophe followed by digits.
2026-07-14 12:36:43 - CDRS - WARNING - Row 50: Invalid Bag_No format '1475| 1637'. Must be numeric or start with exactly one apostrophe followed by digits.
2026-07-14 12:36:43 - CDRS - WARNING - Row 53: Invalid Bag_No format '2373| 2374'. Must be numeric or start with exactly one apostrophe followed by digits.
2026-07-14 12:36:43 - CDRS - WARNING - Row 56: Invalid Bag_No format '2377| 2378'. Must be numeric or start with exactly one apostrophe followed by digits.
2026-07-14 12:36:43 - CDRS - WARNING - Row 60: Invalid Bag_No format '2382| 2383| 2385'. Must be numeric or start with exactly one apostrophe followed by digits.
2026-07-14 12:36:43 - CDRS - WARNING - Row 63: Invalid Bag_No format '2387| 2388'. Must be numeric or start with exactly one apostrophe followed by digits.
2026-07-14 12:36:43 - CDRS - WARNING - Row 67: Invalid Bag_No format '2393| 2394'. Must be numeric or start with exactly one apostrophe followed by digits.
2026-07-14 12:36:43 - CDRS - WARNING - Row 84: Invalid Bag_No format '2411| 2412| 2413'. Must be numeric or start with exactly one apostrophe followed by digits.
2026-07-14 12:36:43 - CDRS - WARNING - Row 114: Invalid Bag_No format '4441| 2443| 4442'. Must be numeric or start with exactly one apostrophe followed by digits.
2026-07-14 12:36:43 - CDRS - INFO - Validating blank fields in DAILY OUTPUT FILE 13-07-2026
2026-07-14 12:36:43 - CDRS - INFO - Sheet DAILY OUTPUT FILE 13-07-2026 max_row=124, total_raw_rows=124, non_empty_rows=124
2026-07-14 12:36:43 - CDRS - INFO - Loading data rows from sheet: DAILY OUTPUT FILE 13-07-2026
2026-07-14 12:36:43 - CDRS - INFO - Using header row: 1
2026-07-14 12:36:43 - CDRS - INFO - Total raw rows read from Excel: 123
2026-07-14 12:36:43 - CDRS - INFO - First 5 rows of extracted data: [{'Order_No': {'value': 224968, 'cell_ref': 'A2', 'row': 2, 'col': 1}, 'Order_Creation_Date': {'value': '13/07/2026', 'cell_ref': 'B2', 'row': 2, 'col': 2}, 'Branch_Code': {'value': 2086, 'cell_ref': 'C2', 'row': 2, 'col': 3}, 'Branch_Name': {'value': 'Malelane Inkwazi', 'cell_ref': 'D2', 'row': 2, 'col': 4}, 'Card_Type': {'value': 'SIM', 'cell_ref': 'E2', 'row': 2, 'col': 5}, 'No_of_Batches': {'value': 2, 'cell_ref': 'F2', 'row': 2, 'col': 6}, 'Waybill_No': {'value': 'Y8NZT00001484', 'cell_ref': 'G2', 'row': 2, 'col': 7}, 'Batch_No': {'value': '40595| 40594', 'cell_ref': 'H2', 'row': 2, 'col': 8}, 'Bag_No': {'value': '0129', 'cell_ref': 'I2', 'row': 2, 'col': 9}}, {'Order_No': {'value': 224971, 'cell_ref': 'A3', 'row': 3, 'col': 1}, 'Order_Creation_Date': {'value': '13/07/2026', 'cell_ref': 'B3', 'row': 3, 'col': 2}, 'Branch_Code': {'value': 2103, 'cell_ref': 'C3', 'row': 3, 'col': 3}, 'Branch_Name': {'value': 'Northam Plaza 13', 'cell_ref': 'D3', 'row': 3, 'col': 4}, 'Card_Type': {'value': 'SIM', 'cell_ref': 'E3', 'row': 3, 'col': 5}, 'No_of_Batches': {'value': 7, 'cell_ref': 'F3', 'row': 3, 'col': 6}, 'Waybill_No': {'value': 'Y8NZT00001485| Y8NZT00001629', 'cell_ref': 'G3', 'row': 3, 'col': 7}, 'Batch_No': {'value': '40586| 40589| 40590| 40591| 40592| 40596|40597', 'cell_ref': 'H3', 'row': 3, 'col': 8}, 'Bag_No': {'value': '2348| 0126', 'cell_ref': 'I3', 'row': 3, 'col': 9}}, {'Order_No': {'value': 224981, 'cell_ref': 'A4', 'row': 4, 'col': 1}, 'Order_Creation_Date': {'value': '13/07/2026', 'cell_ref': 'B4', 'row': 4, 'col': 2}, 'Branch_Code': {'value': 2195, 'cell_ref': 'C4', 'row': 4, 'col': 3}, 'Branch_Name': {'value': 'Matatiele', 'cell_ref': 'D4', 'row': 4, 'col': 4}, 'Card_Type': {'value': 'SIM', 'cell_ref': 'E4', 'row': 4, 'col': 5}, 'No_of_Batches': {'value': 2, 'cell_ref': 'F4', 'row': 4, 'col': 6}, 'Waybill_No': {'value': 'Y8NZT00001486', 'cell_ref': 'G4', 'row': 4, 'col': 7}, 'Batch_No': {'value': '40588| 40587', 'cell_ref': 'H4', 'row': 4, 'col': 8}, 'Bag_No': {'value': '0122', 'cell_ref': 'I4', 'row': 4, 'col': 9}}, {'Order_No': {'value': 224982, 'cell_ref': 'A5', 'row': 5, 'col': 1}, 'Order_Creation_Date': {'value': '13/07/2026', 'cell_ref': 'B5', 'row': 5, 'col': 2}, 'Branch_Code': {'value': 2202, 'cell_ref': 'C5', 'row': 5, 'col': 3}, 'Branch_Name': {'value': 'Lichtenburg Parkview Centre', 'cell_ref': 'D5', 'row': 5, 'col': 4}, 'Card_Type': {'value': 'SIM', 'cell_ref': 'E5', 'row': 5, 'col': 5}, 'No_of_Batches': {'value': 4, 'cell_ref': 'F5', 'row': 5, 'col': 6}, 'Waybill_No': {'value': 'Y8NZT00001487', 'cell_ref': 'G5', 'row': 5, 'col': 7}, 'Batch_No': {'value': '40593| 40583| 40585| 40584', 'cell_ref': 'H5', 'row': 5, 'col': 8}, 'Bag_No': {'value': 2354, 'cell_ref': 'I5', 'row': 5, 'col': 9}}, {'Order_No': {'value': 224984, 'cell_ref': 'A6', 'row': 6, 'col': 1}, 'Order_Creation_Date': {'value': '13/07/2026', 'cell_ref': 'B6', 'row': 6, 'col': 2}, 'Branch_Code': {'value': 2218, 'cell_ref': 'C6', 'row': 6, 'col': 3}, 'Branch_Name': {'value': 'Harmony Elandsrand', 'cell_ref': 'D6', 'row': 6, 'col': 4}, 'Card_Type': {'value': 'SIM', 'cell_ref': 'E6', 'row': 6, 'col': 5}, 'No_of_Batches': {'value': 2, 'cell_ref': 'F6', 'row': 6, 'col': 6}, 'Waybill_No': {'value': 'Y8NZT00001488', 'cell_ref': 'G6', 'row': 6, 'col': 7}, 'Batch_No': {'value': '40578|40579', 'cell_ref': 'H6', 'row': 6, 'col': 8}, 'Bag_No': {'value': 2353, 'cell_ref': 'I6', 'row': 6, 'col': 9}}]
2026-07-14 12:36:43 - CDRS - INFO - Loaded 123 data rows from DAILY OUTPUT FILE 13-07-2026
2026-07-14 12:36:43 - CDRS - INFO - No blank mandatory fields found
2026-07-14 12:36:43 - CDRS - INFO - Validating card types in DAILY OUTPUT FILE 13-07-2026
2026-07-14 12:36:43 - CDRS - DEBUG - Headers from DAILY OUTPUT FILE 13-07-2026: ['Order_No', 'Order_Creation_Date', 'Branch_Code', 'Branch_Name', 'Card_Type', 'No_of_Batches', 'Waybill_No', 'Batch_No', 'Bag_No']
2026-07-14 12:36:43 - CDRS - DEBUG - Retrieved 123 values from column 'Card_Type'
2026-07-14 12:36:43 - CDRS - INFO - All card types are valid
2026-07-14 12:36:43 - CDRS - INFO - Validation completed. Passed: False, Errors: 19, Duration: 0.12s
2026-07-14 12:36:43 - CDRS - INFO - Workbook closed
2026-07-14 12:36:43 - CDRS - INFO - Backup created: backups\20260714_123642_CAPITEC_DAILY_ORDERS_REPORT_JULY_2026_20260714_123643.bak
2026-07-20 14:44:29 - CDRS - INFO - Logger initialized successfully
2026-07-20 15:00:22 - CDRS - INFO - Logger initialized successfully
2026-07-20 15:04:20 - CDRS - INFO - Logger initialized successfully
2026-07-20 15:10:04 - CDRS - INFO - Logger initialized successfully
2026-07-23 11:59:38 - CDRS - INFO - Logger initialized successfully
2026-07-23 12:00:17 - CDRS - INFO - Logger initialized successfully
2026-07-23 12:00:17 - CDRS - INFO - Connected to database: database\cdrs.db
2026-07-23 12:00:17 - CDRS - WARNING - Schema file not found: database\schema.sql
2026-07-23 12:00:17 - CDRS - INFO - Starting validation for: C:\Users\Obedbosh\Music\OBED BOSHIELO\Capitec-Reconciliation-System\web_dashboard\uploads\20260723_120017_sample_valid.xlsx
2026-07-23 12:00:17 - CDRS - INFO - Workbook loaded successfully: C:\Users\Obedbosh\Music\OBED BOSHIELO\Capitec-Reconciliation-System\web_dashboard\uploads\20260723_120017_sample_valid.xlsx
2026-07-23 12:00:17 - CDRS - INFO - Found 1 worksheets: ['DAILY OUTPUT FILE 03-07-2026']
2026-07-23 12:00:17 - CDRS - INFO - Daily Output sheet MATCHED with date: 'DAILY OUTPUT FILE 03-07-2026' (parsed: 2026-07-03 00:00:00)
2026-07-23 12:00:17 - CDRS - INFO - Selected Daily Output sheet: 'DAILY OUTPUT FILE 03-07-2026'
2026-07-23 12:00:17 - CDRS - INFO - Using daily worksheet for validation: DAILY OUTPUT FILE 03-07-2026
2026-07-23 12:00:17 - CDRS - INFO - Selected sheet 'DAILY OUTPUT FILE 03-07-2026' max_row=4 total_raw_rows=4 non_empty_rows=4
2026-07-23 12:00:17 - CDRS - INFO - Sample first 5 raw rows: [('Order_no', 'Order_Creation_Date', 'Branch_Code', 'Branch_Name', 'Card_Type', 'Number_of_Batches', 'Waybill_Number', 'Batch_Number', 'BagNumber'), (1, datetime.datetime(2026, 7, 19, 0, 0), 'BR001', 'Branch Johannesburg', 'SIM', 2, 'WB001', '10001|10002', "'00001234"), (2, datetime.datetime(2026, 7, 19, 0, 0), 'BR002', 'Branch Pretoria', 'DMCCLS', 3, 'WB002', '20001|20002|20003', "'00002345"), (3, datetime.datetime(2026, 7, 19, 0, 0), 'BR003', 'Branch Cape Town', 'SIM', 1, 'WB003', '30001', "'00003456")]
2026-07-23 12:00:17 - CDRS - INFO - Sheet DAILY OUTPUT FILE 03-07-2026 max_row=4, total_raw_rows=4, non_empty_rows=4
2026-07-23 12:00:17 - CDRS - INFO - Loading data rows from sheet: DAILY OUTPUT FILE 03-07-2026
2026-07-23 12:00:17 - CDRS - INFO - Using header row: 1
2026-07-23 12:00:17 - CDRS - INFO - Headers: ['Order_no', 'Order_Creation_Date', 'Branch_Code', 'Branch_Name', 'Card_Type', 'Number_of_Batches', 'Waybill_Number', 'Batch_Number', 'BagNumber']
2026-07-23 12:00:17 - CDRS - INFO - Total raw rows read from Excel: 3
2026-07-23 12:00:17 - CDRS - INFO - First 5 rows of extracted data: [{'Order_no': {'value': 1, 'cell_ref': 'A2', 'row': 2, 'col': 1}, 'Order_Creation_Date': {'value': datetime.datetime(2026, 7, 19, 0, 0), 'cell_ref': 'B2', 'row': 2, 'col': 2}, 'Branch_Code': {'value': 'BR001', 'cell_ref': 'C2', 'row': 2, 'col': 3}, 'Branch_Name': {'value': 'Branch Johannesburg', 'cell_ref': 'D2', 'row': 2, 'col': 4}, 'Card_Type': {'value': 'SIM', 'cell_ref': 'E2', 'row': 2, 'col': 5}, 'Number_of_Batches': {'value': 2, 'cell_ref': 'F2', 'row': 2, 'col': 6}, 'Waybill_Number': {'value': 'WB001', 'cell_ref': 'G2', 'row': 2, 'col': 7}, 'Batch_Number': {'value': '10001|10002', 'cell_ref': 'H2', 'row': 2, 'col': 8}, 'BagNumber': {'value': "'00001234", 'cell_ref': 'I2', 'row': 2, 'col': 9}}, {'Order_no': {'value': 2, 'cell_ref': 'A3', 'row': 3, 'col': 1}, 'Order_Creation_Date': {'value': datetime.datetime(2026, 7, 19, 0, 0), 'cell_ref': 'B3', 'row': 3, 'col': 2}, 'Branch_Code': {'value': 'BR002', 'cell_ref': 'C3', 'row': 3, 'col': 3}, 'Branch_Name': {'value': 'Branch Pretoria', 'cell_ref': 'D3', 'row': 3, 'col': 4}, 'Card_Type': {'value': 'DMCCLS', 'cell_ref': 'E3', 'row': 3, 'col': 5}, 'Number_of_Batches': {'value': 3, 'cell_ref': 'F3', 'row': 3, 'col': 6}, 'Waybill_Number': {'value': 'WB002', 'cell_ref': 'G3', 'row': 3, 'col': 7}, 'Batch_Number': {'value': '20001|20002|20003', 'cell_ref': 'H3', 'row': 3, 'col': 8}, 'BagNumber': {'value': "'00002345", 'cell_ref': 'I3', 'row': 3, 'col': 9}}, {'Order_no': {'value': 3, 'cell_ref': 'A4', 'row': 4, 'col': 1}, 'Order_Creation_Date': {'value': datetime.datetime(2026, 7, 19, 0, 0), 'cell_ref': 'B4', 'row': 4, 'col': 2}, 'Branch_Code': {'value': 'BR003', 'cell_ref': 'C4', 'row': 4, 'col': 3}, 'Branch_Name': {'value': 'Branch Cape Town', 'cell_ref': 'D4', 'row': 4, 'col': 4}, 'Card_Type': {'value': 'SIM', 'cell_ref': 'E4', 'row': 4, 'col': 5}, 'Number_of_Batches': {'value': 1, 'cell_ref': 'F4', 'row': 4, 'col': 6}, 'Waybill_Number': {'value': 'WB003', 'cell_ref': 'G4', 'row': 4, 'col': 7}, 'Batch_Number': {'value': '30001', 'cell_ref': 'H4', 'row': 4, 'col': 8}, 'BagNumber': {'value': "'00003456", 'cell_ref': 'I4', 'row': 4, 'col': 9}}]
2026-07-23 12:00:17 - CDRS - INFO - Loaded 3 data rows from DAILY OUTPUT FILE 03-07-2026
2026-07-23 12:00:17 - CDRS - INFO - Rows processed (data rows): 3
2026-07-23 12:00:17 - CDRS - INFO - Validating headers in DAILY OUTPUT FILE 03-07-2026
2026-07-23 12:00:17 - CDRS - DEBUG - Headers from DAILY OUTPUT FILE 03-07-2026: ['Order_no', 'Order_Creation_Date', 'Branch_Code', 'Branch_Name', 'Card_Type', 'Number_of_Batches', 'Waybill_Number', 'Batch_Number', 'BagNumber']
2026-07-23 12:00:17 - CDRS - INFO - All required headers present: {'Number_of_Batches', 'Card_Type', 'Order_Creation_Date', 'Branch_Code', 'Branch_Name', 'Waybill_Number', 'Batch_Number', 'Order_no', 'BagNumber'}
2026-07-23 12:00:17 - CDRS - INFO - Validating duplicates in DAILY OUTPUT FILE 03-07-2026
2026-07-23 12:00:17 - CDRS - DEBUG - Headers from DAILY OUTPUT FILE 03-07-2026: ['Order_no', 'Order_Creation_Date', 'Branch_Code', 'Branch_Name', 'Card_Type', 'Number_of_Batches', 'Waybill_Number', 'Batch_Number', 'BagNumber']
2026-07-23 12:00:17 - CDRS - DEBUG - Retrieved 3 values from column 'Batch_Number'
2026-07-23 12:00:17 - CDRS - INFO - No duplicate batch numbers found
2026-07-23 12:00:17 - CDRS - INFO - Validating batch counts in DAILY OUTPUT FILE 03-07-2026
2026-07-23 12:00:17 - CDRS - INFO - Sheet DAILY OUTPUT FILE 03-07-2026 max_row=4, total_raw_rows=4, non_empty_rows=4
2026-07-23 12:00:17 - CDRS - INFO - Loading data rows from sheet: DAILY OUTPUT FILE 03-07-2026
2026-07-23 12:00:17 - CDRS - INFO - Using header row: 1
2026-07-23 12:00:17 - CDRS - INFO - Headers: ['Order_no', 'Order_Creation_Date', 'Branch_Code', 'Branch_Name', 'Card_Type', 'Number_of_Batches', 'Waybill_Number', 'Batch_Number', 'BagNumber']
2026-07-23 12:00:17 - CDRS - INFO - Total raw rows read from Excel: 3
2026-07-23 12:00:17 - CDRS - INFO - First 5 rows of extracted data: [{'Order_no': {'value': 1, 'cell_ref': 'A2', 'row': 2, 'col': 1}, 'Order_Creation_Date': {'value': datetime.datetime(2026, 7, 19, 0, 0), 'cell_ref': 'B2', 'row': 2, 'col': 2}, 'Branch_Code': {'value': 'BR001', 'cell_ref': 'C2', 'row': 2, 'col': 3}, 'Branch_Name': {'value': 'Branch Johannesburg', 'cell_ref': 'D2', 'row': 2, 'col': 4}, 'Card_Type': {'value': 'SIM', 'cell_ref': 'E2', 'row': 2, 'col': 5}, 'Number_of_Batches': {'value': 2, 'cell_ref': 'F2', 'row': 2, 'col': 6}, 'Waybill_Number': {'value': 'WB001', 'cell_ref': 'G2', 'row': 2, 'col': 7}, 'Batch_Number': {'value': '10001|10002', 'cell_ref': 'H2', 'row': 2, 'col': 8}, 'BagNumber': {'value': "'00001234", 'cell_ref': 'I2', 'row': 2, 'col': 9}}, {'Order_no': {'value': 2, 'cell_ref': 'A3', 'row': 3, 'col': 1}, 'Order_Creation_Date': {'value': datetime.datetime(2026, 7, 19, 0, 0), 'cell_ref': 'B3', 'row': 3, 'col': 2}, 'Branch_Code': {'value': 'BR002', 'cell_ref': 'C3', 'row': 3, 'col': 3}, 'Branch_Name': {'value': 'Branch Pretoria', 'cell_ref': 'D3', 'row': 3, 'col': 4}, 'Card_Type': {'value': 'DMCCLS', 'cell_ref': 'E3', 'row': 3, 'col': 5}, 'Number_of_Batches': {'value': 3, 'cell_ref': 'F3', 'row': 3, 'col': 6}, 'Waybill_Number': {'value': 'WB002', 'cell_ref': 'G3', 'row': 3, 'col': 7}, 'Batch_Number': {'value': '20001|20002|20003', 'cell_ref': 'H3', 'row': 3, 'col': 8}, 'BagNumber': {'value': "'00002345", 'cell_ref': 'I3', 'row': 3, 'col': 9}}, {'Order_no': {'value': 3, 'cell_ref': 'A4', 'row': 4, 'col': 1}, 'Order_Creation_Date': {'value': datetime.datetime(2026, 7, 19, 0, 0), 'cell_ref': 'B4', 'row': 4, 'col': 2}, 'Branch_Code': {'value': 'BR003', 'cell_ref': 'C4', 'row': 4, 'col': 3}, 'Branch_Name': {'value': 'Branch Cape Town', 'cell_ref': 'D4', 'row': 4, 'col': 4}, 'Card_Type': {'value': 'SIM', 'cell_ref': 'E4', 'row': 4, 'col': 5}, 'Number_of_Batches': {'value': 1, 'cell_ref': 'F4', 'row': 4, 'col': 6}, 'Waybill_Number': {'value': 'WB003', 'cell_ref': 'G4', 'row': 4, 'col': 7}, 'Batch_Number': {'value': '30001', 'cell_ref': 'H4', 'row': 4, 'col': 8}, 'BagNumber': {'value': "'00003456", 'cell_ref': 'I4', 'row': 4, 'col': 9}}]
2026-07-23 12:00:17 - CDRS - INFO - Loaded 3 data rows from DAILY OUTPUT FILE 03-07-2026
2026-07-23 12:00:17 - CDRS - INFO - All batch counts are valid
2026-07-23 12:00:17 - CDRS - INFO - Validating bag numbers in DAILY OUTPUT FILE 03-07-2026
2026-07-23 12:00:17 - CDRS - INFO - Sheet DAILY OUTPUT FILE 03-07-2026 max_row=4, total_raw_rows=4, non_empty_rows=4
2026-07-23 12:00:17 - CDRS - INFO - Loading data rows from sheet: DAILY OUTPUT FILE 03-07-2026
2026-07-23 12:00:17 - CDRS - INFO - Using header row: 1
2026-07-23 12:00:17 - CDRS - INFO - Headers: ['Order_no', 'Order_Creation_Date', 'Branch_Code', 'Branch_Name', 'Card_Type', 'Number_of_Batches', 'Waybill_Number', 'Batch_Number', 'BagNumber']
2026-07-23 12:00:17 - CDRS - INFO - Total raw rows read from Excel: 3
2026-07-23 12:00:17 - CDRS - INFO - First 5 rows of extracted data: [{'Order_no': {'value': 1, 'cell_ref': 'A2', 'row': 2, 'col': 1}, 'Order_Creation_Date': {'value': datetime.datetime(2026, 7, 19, 0, 0), 'cell_ref': 'B2', 'row': 2, 'col': 2}, 'Branch_Code': {'value': 'BR001', 'cell_ref': 'C2', 'row': 2, 'col': 3}, 'Branch_Name': {'value': 'Branch Johannesburg', 'cell_ref': 'D2', 'row': 2, 'col': 4}, 'Card_Type': {'value': 'SIM', 'cell_ref': 'E2', 'row': 2, 'col': 5}, 'Number_of_Batches': {'value': 2, 'cell_ref': 'F2', 'row': 2, 'col': 6}, 'Waybill_Number': {'value': 'WB001', 'cell_ref': 'G2', 'row': 2, 'col': 7}, 'Batch_Number': {'value': '10001|10002', 'cell_ref': 'H2', 'row': 2, 'col': 8}, 'BagNumber': {'value': "'00001234", 'cell_ref': 'I2', 'row': 2, 'col': 9}}, {'Order_no': {'value': 2, 'cell_ref': 'A3', 'row': 3, 'col': 1}, 'Order_Creation_Date': {'value': datetime.datetime(2026, 7, 19, 0, 0), 'cell_ref': 'B3', 'row': 3, 'col': 2}, 'Branch_Code': {'value': 'BR002', 'cell_ref': 'C3', 'row': 3, 'col': 3}, 'Branch_Name': {'value': 'Branch Pretoria', 'cell_ref': 'D3', 'row': 3, 'col': 4}, 'Card_Type': {'value': 'DMCCLS', 'cell_ref': 'E3', 'row': 3, 'col': 5}, 'Number_of_Batches': {'value': 3, 'cell_ref': 'F3', 'row': 3, 'col': 6}, 'Waybill_Number': {'value': 'WB002', 'cell_ref': 'G3', 'row': 3, 'col': 7}, 'Batch_Number': {'value': '20001|20002|20003', 'cell_ref': 'H3', 'row': 3, 'col': 8}, 'BagNumber': {'value': "'00002345", 'cell_ref': 'I3', 'row': 3, 'col': 9}}, {'Order_no': {'value': 3, 'cell_ref': 'A4', 'row': 4, 'col': 1}, 'Order_Creation_Date': {'value': datetime.datetime(2026, 7, 19, 0, 0), 'cell_ref': 'B4', 'row': 4, 'col': 2}, 'Branch_Code': {'value': 'BR003', 'cell_ref': 'C4', 'row': 4, 'col': 3}, 'Branch_Name': {'value': 'Branch Cape Town', 'cell_ref': 'D4', 'row': 4, 'col': 4}, 'Card_Type': {'value': 'SIM', 'cell_ref': 'E4', 'row': 4, 'col': 5}, 'Number_of_Batches': {'value': 1, 'cell_ref': 'F4', 'row': 4, 'col': 6}, 'Waybill_Number': {'value': 'WB003', 'cell_ref': 'G4', 'row': 4, 'col': 7}, 'Batch_Number': {'value': '30001', 'cell_ref': 'H4', 'row': 4, 'col': 8}, 'BagNumber': {'value': "'00003456", 'cell_ref': 'I4', 'row': 4, 'col': 9}}]
2026-07-23 12:00:17 - CDRS - INFO - Loaded 3 data rows from DAILY OUTPUT FILE 03-07-2026
2026-07-23 12:00:17 - CDRS - INFO - All bag numbers are valid
2026-07-23 12:00:17 - CDRS - INFO - Validating blank fields in DAILY OUTPUT FILE 03-07-2026
2026-07-23 12:00:17 - CDRS - INFO - Sheet DAILY OUTPUT FILE 03-07-2026 max_row=4, total_raw_rows=4, non_empty_rows=4
2026-07-23 12:00:17 - CDRS - INFO - Loading data rows from sheet: DAILY OUTPUT FILE 03-07-2026
2026-07-23 12:00:17 - CDRS - INFO - Using header row: 1
2026-07-23 12:00:17 - CDRS - INFO - Headers: ['Order_no', 'Order_Creation_Date', 'Branch_Code', 'Branch_Name', 'Card_Type', 'Number_of_Batches', 'Waybill_Number', 'Batch_Number', 'BagNumber']
2026-07-23 12:00:17 - CDRS - INFO - Total raw rows read from Excel: 3
2026-07-23 12:00:17 - CDRS - INFO - First 5 rows of extracted data: [{'Order_no': {'value': 1, 'cell_ref': 'A2', 'row': 2, 'col': 1}, 'Order_Creation_Date': {'value': datetime.datetime(2026, 7, 19, 0, 0), 'cell_ref': 'B2', 'row': 2, 'col': 2}, 'Branch_Code': {'value': 'BR001', 'cell_ref': 'C2', 'row': 2, 'col': 3}, 'Branch_Name': {'value': 'Branch Johannesburg', 'cell_ref': 'D2', 'row': 2, 'col': 4}, 'Card_Type': {'value': 'SIM', 'cell_ref': 'E2', 'row': 2, 'col': 5}, 'Number_of_Batches': {'value': 2, 'cell_ref': 'F2', 'row': 2, 'col': 6}, 'Waybill_Number': {'value': 'WB001', 'cell_ref': 'G2', 'row': 2, 'col': 7}, 'Batch_Number': {'value': '10001|10002', 'cell_ref': 'H2', 'row': 2, 'col': 8}, 'BagNumber': {'value': "'00001234", 'cell_ref': 'I2', 'row': 2, 'col': 9}}, {'Order_no': {'value': 2, 'cell_ref': 'A3', 'row': 3, 'col': 1}, 'Order_Creation_Date': {'value': datetime.datetime(2026, 7, 19, 0, 0), 'cell_ref': 'B3', 'row': 3, 'col': 2}, 'Branch_Code': {'value': 'BR002', 'cell_ref': 'C3', 'row': 3, 'col': 3}, 'Branch_Name': {'value': 'Branch Pretoria', 'cell_ref': 'D3', 'row': 3, 'col': 4}, 'Card_Type': {'value': 'DMCCLS', 'cell_ref': 'E3', 'row': 3, 'col': 5}, 'Number_of_Batches': {'value': 3, 'cell_ref': 'F3', 'row': 3, 'col': 6}, 'Waybill_Number': {'value': 'WB002', 'cell_ref': 'G3', 'row': 3, 'col': 7}, 'Batch_Number': {'value': '20001|20002|20003', 'cell_ref': 'H3', 'row': 3, 'col': 8}, 'BagNumber': {'value': "'00002345", 'cell_ref': 'I3', 'row': 3, 'col': 9}}, {'Order_no': {'value': 3, 'cell_ref': 'A4', 'row': 4, 'col': 1}, 'Order_Creation_Date': {'value': datetime.datetime(2026, 7, 19, 0, 0), 'cell_ref': 'B4', 'row': 4, 'col': 2}, 'Branch_Code': {'value': 'BR003', 'cell_ref': 'C4', 'row': 4, 'col': 3}, 'Branch_Name': {'value': 'Branch Cape Town', 'cell_ref': 'D4', 'row': 4, 'col': 4}, 'Card_Type': {'value': 'SIM', 'cell_ref': 'E4', 'row': 4, 'col': 5}, 'Number_of_Batches': {'value': 1, 'cell_ref': 'F4', 'row': 4, 'col': 6}, 'Waybill_Number': {'value': 'WB003', 'cell_ref': 'G4', 'row': 4, 'col': 7}, 'Batch_Number': {'value': '30001', 'cell_ref': 'H4', 'row': 4, 'col': 8}, 'BagNumber': {'value': "'00003456", 'cell_ref': 'I4', 'row': 4, 'col': 9}}]
2026-07-23 12:00:17 - CDRS - INFO - Loaded 3 data rows from DAILY OUTPUT FILE 03-07-2026
2026-07-23 12:00:17 - CDRS - INFO - No blank mandatory fields found
2026-07-23 12:00:17 - CDRS - INFO - Validating card types in DAILY OUTPUT FILE 03-07-2026
2026-07-23 12:00:17 - CDRS - DEBUG - Headers from DAILY OUTPUT FILE 03-07-2026: ['Order_no', 'Order_Creation_Date', 'Branch_Code', 'Branch_Name', 'Card_Type', 'Number_of_Batches', 'Waybill_Number', 'Batch_Number', 'BagNumber']
2026-07-23 12:00:17 - CDRS - DEBUG - Retrieved 3 values from column 'Card_Type'
2026-07-23 12:00:17 - CDRS - INFO - All card types are valid
2026-07-23 12:00:17 - CDRS - INFO - Validation completed. Passed: True, Errors: 0, Duration: 0.03s
2026-07-23 12:00:17 - CDRS - INFO - Workbook closed
2026-07-23 12:00:17 - CDRS - INFO - Backup created: backups\20260723_120017_sample_valid_20260723_120017.bak
2026-07-23 12:00:17 - CDRS - INFO - Workbook loaded successfully: C:\Users\Obedbosh\Music\OBED BOSHIELO\Capitec-Reconciliation-System\web_dashboard\uploads\20260723_120017_sample_valid.xlsx
2026-07-23 12:00:17 - CDRS - INFO - Found 1 worksheets: ['DAILY OUTPUT FILE 03-07-2026']
2026-07-23 12:00:17 - CDRS - INFO - Daily Output sheet MATCHED with date: 'DAILY OUTPUT FILE 03-07-2026' (parsed: 2026-07-03 00:00:00)
2026-07-23 12:00:17 - CDRS - INFO - Selected Daily Output sheet: 'DAILY OUTPUT FILE 03-07-2026'
2026-07-23 12:00:17 - CDRS - INFO - Sheet DAILY OUTPUT FILE 03-07-2026 max_row=4, total_raw_rows=4, non_empty_rows=4
2026-07-23 12:00:17 - CDRS - INFO - Loading data rows from sheet: DAILY OUTPUT FILE 03-07-2026
2026-07-23 12:00:17 - CDRS - INFO - Using header row: 1
2026-07-23 12:00:17 - CDRS - INFO - Headers: ['Order_no', 'Order_Creation_Date', 'Branch_Code', 'Branch_Name', 'Card_Type', 'Number_of_Batches', 'Waybill_Number', 'Batch_Number', 'BagNumber']
2026-07-23 12:00:17 - CDRS - INFO - Total raw rows read from Excel: 3
2026-07-23 12:00:17 - CDRS - INFO - First 5 rows of extracted data: [{'Order_no': {'value': 1, 'cell_ref': 'A2', 'row': 2, 'col': 1}, 'Order_Creation_Date': {'value': datetime.datetime(2026, 7, 19, 0, 0), 'cell_ref': 'B2', 'row': 2, 'col': 2}, 'Branch_Code': {'value': 'BR001', 'cell_ref': 'C2', 'row': 2, 'col': 3}, 'Branch_Name': {'value': 'Branch Johannesburg', 'cell_ref': 'D2', 'row': 2, 'col': 4}, 'Card_Type': {'value': 'SIM', 'cell_ref': 'E2', 'row': 2, 'col': 5}, 'Number_of_Batches': {'value': 2, 'cell_ref': 'F2', 'row': 2, 'col': 6}, 'Waybill_Number': {'value': 'WB001', 'cell_ref': 'G2', 'row': 2, 'col': 7}, 'Batch_Number': {'value': '10001|10002', 'cell_ref': 'H2', 'row': 2, 'col': 8}, 'BagNumber': {'value': "'00001234", 'cell_ref': 'I2', 'row': 2, 'col': 9}}, {'Order_no': {'value': 2, 'cell_ref': 'A3', 'row': 3, 'col': 1}, 'Order_Creation_Date': {'value': datetime.datetime(2026, 7, 19, 0, 0), 'cell_ref': 'B3', 'row': 3, 'col': 2}, 'Branch_Code': {'value': 'BR002', 'cell_ref': 'C3', 'row': 3, 'col': 3}, 'Branch_Name': {'value': 'Branch Pretoria', 'cell_ref': 'D3', 'row': 3, 'col': 4}, 'Card_Type': {'value': 'DMCCLS', 'cell_ref': 'E3', 'row': 3, 'col': 5}, 'Number_of_Batches': {'value': 3, 'cell_ref': 'F3', 'row': 3, 'col': 6}, 'Waybill_Number': {'value': 'WB002', 'cell_ref': 'G3', 'row': 3, 'col': 7}, 'Batch_Number': {'value': '20001|20002|20003', 'cell_ref': 'H3', 'row': 3, 'col': 8}, 'BagNumber': {'value': "'00002345", 'cell_ref': 'I3', 'row': 3, 'col': 9}}, {'Order_no': {'value': 3, 'cell_ref': 'A4', 'row': 4, 'col': 1}, 'Order_Creation_Date': {'value': datetime.datetime(2026, 7, 19, 0, 0), 'cell_ref': 'B4', 'row': 4, 'col': 2}, 'Branch_Code': {'value': 'BR003', 'cell_ref': 'C4', 'row': 4, 'col': 3}, 'Branch_Name': {'value': 'Branch Cape Town', 'cell_ref': 'D4', 'row': 4, 'col': 4}, 'Card_Type': {'value': 'SIM', 'cell_ref': 'E4', 'row': 4, 'col': 5}, 'Number_of_Batches': {'value': 1, 'cell_ref': 'F4', 'row': 4, 'col': 6}, 'Waybill_Number': {'value': 'WB003', 'cell_ref': 'G4', 'row': 4, 'col': 7}, 'Batch_Number': {'value': '30001', 'cell_ref': 'H4', 'row': 4, 'col': 8}, 'BagNumber': {'value': "'00003456", 'cell_ref': 'I4', 'row': 4, 'col': 9}}]
2026-07-23 12:00:17 - CDRS - INFO - Loaded 3 data rows from DAILY OUTPUT FILE 03-07-2026
2026-07-23 12:00:17 - CDRS - INFO - CardCounter totals: SIM Orders=3, SIM Cards=300, Bank Orders=3, Bank Cards=900
2026-07-23 12:00:17 - CDRS - INFO - Workbook closed
2026-07-23 12:01:07 - CDRS - INFO - Starting validation for: C:\Users\Obedbosh\Music\OBED BOSHIELO\Capitec-Reconciliation-System\web_dashboard\uploads\20260723_120107_sample_valid.xlsx
2026-07-23 12:01:07 - CDRS - INFO - Workbook loaded successfully: C:\Users\Obedbosh\Music\OBED BOSHIELO\Capitec-Reconciliation-System\web_dashboard\uploads\20260723_120107_sample_valid.xlsx
2026-07-23 12:01:07 - CDRS - INFO - Found 1 worksheets: ['DAILY OUTPUT FILE 03-07-2026']
2026-07-23 12:01:07 - CDRS - INFO - Daily Output sheet MATCHED with date: 'DAILY OUTPUT FILE 03-07-2026' (parsed: 2026-07-03 00:00:00)
2026-07-23 12:01:07 - CDRS - INFO - Selected Daily Output sheet: 'DAILY OUTPUT FILE 03-07-2026'
2026-07-23 12:01:07 - CDRS - INFO - Using daily worksheet for validation: DAILY OUTPUT FILE 03-07-2026
2026-07-23 12:01:07 - CDRS - INFO - Selected sheet 'DAILY OUTPUT FILE 03-07-2026' max_row=4 total_raw_rows=4 non_empty_rows=4
2026-07-23 12:01:07 - CDRS - INFO - Sample first 5 raw rows: [('Order_no', 'Order_Creation_Date', 'Branch_Code', 'Branch_Name', 'Card_Type', 'Number_of_Batches', 'Waybill_Number', 'Batch_Number', 'BagNumber'), (1, datetime.datetime(2026, 7, 19, 0, 0), 'BR001', 'Branch Johannesburg', 'SIM', 2, 'WB001', '10001|10002', "'00001234"), (2, datetime.datetime(2026, 7, 19, 0, 0), 'BR002', 'Branch Pretoria', 'DMCCLS', 3, 'WB002', '20001|20002|20003', "'00002345"), (3, datetime.datetime(2026, 7, 19, 0, 0), 'BR003', 'Branch Cape Town', 'SIM', 1, 'WB003', '30001', "'00003456")]
2026-07-23 12:01:07 - CDRS - INFO - Sheet DAILY OUTPUT FILE 03-07-2026 max_row=4, total_raw_rows=4, non_empty_rows=4
2026-07-23 12:01:07 - CDRS - INFO - Loading data rows from sheet: DAILY OUTPUT FILE 03-07-2026
2026-07-23 12:01:07 - CDRS - INFO - Using header row: 1
2026-07-23 12:01:07 - CDRS - INFO - Headers: ['Order_no', 'Order_Creation_Date', 'Branch_Code', 'Branch_Name', 'Card_Type', 'Number_of_Batches', 'Waybill_Number', 'Batch_Number', 'BagNumber']
2026-07-23 12:01:07 - CDRS - INFO - Total raw rows read from Excel: 3
2026-07-23 12:01:07 - CDRS - INFO - First 5 rows of extracted data: [{'Order_no': {'value': 1, 'cell_ref': 'A2', 'row': 2, 'col': 1}, 'Order_Creation_Date': {'value': datetime.datetime(2026, 7, 19, 0, 0), 'cell_ref': 'B2', 'row': 2, 'col': 2}, 'Branch_Code': {'value': 'BR001', 'cell_ref': 'C2', 'row': 2, 'col': 3}, 'Branch_Name': {'value': 'Branch Johannesburg', 'cell_ref': 'D2', 'row': 2, 'col': 4}, 'Card_Type': {'value': 'SIM', 'cell_ref': 'E2', 'row': 2, 'col': 5}, 'Number_of_Batches': {'value': 2, 'cell_ref': 'F2', 'row': 2, 'col': 6}, 'Waybill_Number': {'value': 'WB001', 'cell_ref': 'G2', 'row': 2, 'col': 7}, 'Batch_Number': {'value': '10001|10002', 'cell_ref': 'H2', 'row': 2, 'col': 8}, 'BagNumber': {'value': "'00001234", 'cell_ref': 'I2', 'row': 2, 'col': 9}}, {'Order_no': {'value': 2, 'cell_ref': 'A3', 'row': 3, 'col': 1}, 'Order_Creation_Date': {'value': datetime.datetime(2026, 7, 19, 0, 0), 'cell_ref': 'B3', 'row': 3, 'col': 2}, 'Branch_Code': {'value': 'BR002', 'cell_ref': 'C3', 'row': 3, 'col': 3}, 'Branch_Name': {'value': 'Branch Pretoria', 'cell_ref': 'D3', 'row': 3, 'col': 4}, 'Card_Type': {'value': 'DMCCLS', 'cell_ref': 'E3', 'row': 3, 'col': 5}, 'Number_of_Batches': {'value': 3, 'cell_ref': 'F3', 'row': 3, 'col': 6}, 'Waybill_Number': {'value': 'WB002', 'cell_ref': 'G3', 'row': 3, 'col': 7}, 'Batch_Number': {'value': '20001|20002|20003', 'cell_ref': 'H3', 'row': 3, 'col': 8}, 'BagNumber': {'value': "'00002345", 'cell_ref': 'I3', 'row': 3, 'col': 9}}, {'Order_no': {'value': 3, 'cell_ref': 'A4', 'row': 4, 'col': 1}, 'Order_Creation_Date': {'value': datetime.datetime(2026, 7, 19, 0, 0), 'cell_ref': 'B4', 'row': 4, 'col': 2}, 'Branch_Code': {'value': 'BR003', 'cell_ref': 'C4', 'row': 4, 'col': 3}, 'Branch_Name': {'value': 'Branch Cape Town', 'cell_ref': 'D4', 'row': 4, 'col': 4}, 'Card_Type': {'value': 'SIM', 'cell_ref': 'E4', 'row': 4, 'col': 5}, 'Number_of_Batches': {'value': 1, 'cell_ref': 'F4', 'row': 4, 'col': 6}, 'Waybill_Number': {'value': 'WB003', 'cell_ref': 'G4', 'row': 4, 'col': 7}, 'Batch_Number': {'value': '30001', 'cell_ref': 'H4', 'row': 4, 'col': 8}, 'BagNumber': {'value': "'00003456", 'cell_ref': 'I4', 'row': 4, 'col': 9}}]
2026-07-23 12:01:07 - CDRS - INFO - Loaded 3 data rows from DAILY OUTPUT FILE 03-07-2026
2026-07-23 12:01:07 - CDRS - INFO - Rows processed (data rows): 3
2026-07-23 12:01:07 - CDRS - INFO - Validating headers in DAILY OUTPUT FILE 03-07-2026
2026-07-23 12:01:07 - CDRS - DEBUG - Headers from DAILY OUTPUT FILE 03-07-2026: ['Order_no', 'Order_Creation_Date', 'Branch_Code', 'Branch_Name', 'Card_Type', 'Number_of_Batches', 'Waybill_Number', 'Batch_Number', 'BagNumber']
2026-07-23 12:01:07 - CDRS - INFO - All required headers present: {'Number_of_Batches', 'Card_Type', 'Order_Creation_Date', 'Branch_Code', 'Branch_Name', 'Waybill_Number', 'Batch_Number', 'Order_no', 'BagNumber'}
2026-07-23 12:01:07 - CDRS - INFO - Validating duplicates in DAILY OUTPUT FILE 03-07-2026
2026-07-23 12:01:07 - CDRS - DEBUG - Headers from DAILY OUTPUT FILE 03-07-2026: ['Order_no', 'Order_Creation_Date', 'Branch_Code', 'Branch_Name', 'Card_Type', 'Number_of_Batches', 'Waybill_Number', 'Batch_Number', 'BagNumber']
2026-07-23 12:01:07 - CDRS - DEBUG - Retrieved 3 values from column 'Batch_Number'
2026-07-23 12:01:07 - CDRS - INFO - No duplicate batch numbers found
2026-07-23 12:01:07 - CDRS - INFO - Validating batch counts in DAILY OUTPUT FILE 03-07-2026
2026-07-23 12:01:07 - CDRS - INFO - Sheet DAILY OUTPUT FILE 03-07-2026 max_row=4, total_raw_rows=4, non_empty_rows=4
2026-07-23 12:01:07 - CDRS - INFO - Loading data rows from sheet: DAILY OUTPUT FILE 03-07-2026
2026-07-23 12:01:07 - CDRS - INFO - Using header row: 1
2026-07-23 12:01:07 - CDRS - INFO - Headers: ['Order_no', 'Order_Creation_Date', 'Branch_Code', 'Branch_Name', 'Card_Type', 'Number_of_Batches', 'Waybill_Number', 'Batch_Number', 'BagNumber']
2026-07-23 12:01:07 - CDRS - INFO - Total raw rows read from Excel: 3
2026-07-23 12:01:07 - CDRS - INFO - First 5 rows of extracted data: [{'Order_no': {'value': 1, 'cell_ref': 'A2', 'row': 2, 'col': 1}, 'Order_Creation_Date': {'value': datetime.datetime(2026, 7, 19, 0, 0), 'cell_ref': 'B2', 'row': 2, 'col': 2}, 'Branch_Code': {'value': 'BR001', 'cell_ref': 'C2', 'row': 2, 'col': 3}, 'Branch_Name': {'value': 'Branch Johannesburg', 'cell_ref': 'D2', 'row': 2, 'col': 4}, 'Card_Type': {'value': 'SIM', 'cell_ref': 'E2', 'row': 2, 'col': 5}, 'Number_of_Batches': {'value': 2, 'cell_ref': 'F2', 'row': 2, 'col': 6}, 'Waybill_Number': {'value': 'WB001', 'cell_ref': 'G2', 'row': 2, 'col': 7}, 'Batch_Number': {'value': '10001|10002', 'cell_ref': 'H2', 'row': 2, 'col': 8}, 'BagNumber': {'value': "'00001234", 'cell_ref': 'I2', 'row': 2, 'col': 9}}, {'Order_no': {'value': 2, 'cell_ref': 'A3', 'row': 3, 'col': 1}, 'Order_Creation_Date': {'value': datetime.datetime(2026, 7, 19, 0, 0), 'cell_ref': 'B3', 'row': 3, 'col': 2}, 'Branch_Code': {'value': 'BR002', 'cell_ref': 'C3', 'row': 3, 'col': 3}, 'Branch_Name': {'value': 'Branch Pretoria', 'cell_ref': 'D3', 'row': 3, 'col': 4}, 'Card_Type': {'value': 'DMCCLS', 'cell_ref': 'E3', 'row': 3, 'col': 5}, 'Number_of_Batches': {'value': 3, 'cell_ref': 'F3', 'row': 3, 'col': 6}, 'Waybill_Number': {'value': 'WB002', 'cell_ref': 'G3', 'row': 3, 'col': 7}, 'Batch_Number': {'value': '20001|20002|20003', 'cell_ref': 'H3', 'row': 3, 'col': 8}, 'BagNumber': {'value': "'00002345", 'cell_ref': 'I3', 'row': 3, 'col': 9}}, {'Order_no': {'value': 3, 'cell_ref': 'A4', 'row': 4, 'col': 1}, 'Order_Creation_Date': {'value': datetime.datetime(2026, 7, 19, 0, 0), 'cell_ref': 'B4', 'row': 4, 'col': 2}, 'Branch_Code': {'value': 'BR003', 'cell_ref': 'C4', 'row': 4, 'col': 3}, 'Branch_Name': {'value': 'Branch Cape Town', 'cell_ref': 'D4', 'row': 4, 'col': 4}, 'Card_Type': {'value': 'SIM', 'cell_ref': 'E4', 'row': 4, 'col': 5}, 'Number_of_Batches': {'value': 1, 'cell_ref': 'F4', 'row': 4, 'col': 6}, 'Waybill_Number': {'value': 'WB003', 'cell_ref': 'G4', 'row': 4, 'col': 7}, 'Batch_Number': {'value': '30001', 'cell_ref': 'H4', 'row': 4, 'col': 8}, 'BagNumber': {'value': "'00003456", 'cell_ref': 'I4', 'row': 4, 'col': 9}}]
2026-07-23 12:01:07 - CDRS - INFO - Loaded 3 data rows from DAILY OUTPUT FILE 03-07-2026
2026-07-23 12:01:07 - CDRS - INFO - All batch counts are valid
2026-07-23 12:01:07 - CDRS - INFO - Validating bag numbers in DAILY OUTPUT FILE 03-07-2026
2026-07-23 12:01:07 - CDRS - INFO - Sheet DAILY OUTPUT FILE 03-07-2026 max_row=4, total_raw_rows=4, non_empty_rows=4
2026-07-23 12:01:07 - CDRS - INFO - Loading data rows from sheet: DAILY OUTPUT FILE 03-07-2026
2026-07-23 12:01:07 - CDRS - INFO - Using header row: 1
2026-07-23 12:01:07 - CDRS - INFO - Headers: ['Order_no', 'Order_Creation_Date', 'Branch_Code', 'Branch_Name', 'Card_Type', 'Number_of_Batches', 'Waybill_Number', 'Batch_Number', 'BagNumber']
2026-07-23 12:01:07 - CDRS - INFO - Total raw rows read from Excel: 3
2026-07-23 12:01:07 - CDRS - INFO - First 5 rows of extracted data: [{'Order_no': {'value': 1, 'cell_ref': 'A2', 'row': 2, 'col': 1}, 'Order_Creation_Date': {'value': datetime.datetime(2026, 7, 19, 0, 0), 'cell_ref': 'B2', 'row': 2, 'col': 2}, 'Branch_Code': {'value': 'BR001', 'cell_ref': 'C2', 'row': 2, 'col': 3}, 'Branch_Name': {'value': 'Branch Johannesburg', 'cell_ref': 'D2', 'row': 2, 'col': 4}, 'Card_Type': {'value': 'SIM', 'cell_ref': 'E2', 'row': 2, 'col': 5}, 'Number_of_Batches': {'value': 2, 'cell_ref': 'F2', 'row': 2, 'col': 6}, 'Waybill_Number': {'value': 'WB001', 'cell_ref': 'G2', 'row': 2, 'col': 7}, 'Batch_Number': {'value': '10001|10002', 'cell_ref': 'H2', 'row': 2, 'col': 8}, 'BagNumber': {'value': "'00001234", 'cell_ref': 'I2', 'row': 2, 'col': 9}}, {'Order_no': {'value': 2, 'cell_ref': 'A3', 'row': 3, 'col': 1}, 'Order_Creation_Date': {'value': datetime.datetime(2026, 7, 19, 0, 0), 'cell_ref': 'B3', 'row': 3, 'col': 2}, 'Branch_Code': {'value': 'BR002', 'cell_ref': 'C3', 'row': 3, 'col': 3}, 'Branch_Name': {'value': 'Branch Pretoria', 'cell_ref': 'D3', 'row': 3, 'col': 4}, 'Card_Type': {'value': 'DMCCLS', 'cell_ref': 'E3', 'row': 3, 'col': 5}, 'Number_of_Batches': {'value': 3, 'cell_ref': 'F3', 'row': 3, 'col': 6}, 'Waybill_Number': {'value': 'WB002', 'cell_ref': 'G3', 'row': 3, 'col': 7}, 'Batch_Number': {'value': '20001|20002|20003', 'cell_ref': 'H3', 'row': 3, 'col': 8}, 'BagNumber': {'value': "'00002345", 'cell_ref': 'I3', 'row': 3, 'col': 9}}, {'Order_no': {'value': 3, 'cell_ref': 'A4', 'row': 4, 'col': 1}, 'Order_Creation_Date': {'value': datetime.datetime(2026, 7, 19, 0, 0), 'cell_ref': 'B4', 'row': 4, 'col': 2}, 'Branch_Code': {'value': 'BR003', 'cell_ref': 'C4', 'row': 4, 'col': 3}, 'Branch_Name': {'value': 'Branch Cape Town', 'cell_ref': 'D4', 'row': 4, 'col': 4}, 'Card_Type': {'value': 'SIM', 'cell_ref': 'E4', 'row': 4, 'col': 5}, 'Number_of_Batches': {'value': 1, 'cell_ref': 'F4', 'row': 4, 'col': 6}, 'Waybill_Number': {'value': 'WB003', 'cell_ref': 'G4', 'row': 4, 'col': 7}, 'Batch_Number': {'value': '30001', 'cell_ref': 'H4', 'row': 4, 'col': 8}, 'BagNumber': {'value': "'00003456", 'cell_ref': 'I4', 'row': 4, 'col': 9}}]
2026-07-23 12:01:07 - CDRS - INFO - Loaded 3 data rows from DAILY OUTPUT FILE 03-07-2026
2026-07-23 12:01:07 - CDRS - INFO - All bag numbers are valid
2026-07-23 12:01:07 - CDRS - INFO - Validating blank fields in DAILY OUTPUT FILE 03-07-2026
2026-07-23 12:01:07 - CDRS - INFO - Sheet DAILY OUTPUT FILE 03-07-2026 max_row=4, total_raw_rows=4, non_empty_rows=4
2026-07-23 12:01:07 - CDRS - INFO - Loading data rows from sheet: DAILY OUTPUT FILE 03-07-2026
2026-07-23 12:01:07 - CDRS - INFO - Using header row: 1
2026-07-23 12:01:07 - CDRS - INFO - Headers: ['Order_no', 'Order_Creation_Date', 'Branch_Code', 'Branch_Name', 'Card_Type', 'Number_of_Batches', 'Waybill_Number', 'Batch_Number', 'BagNumber']
2026-07-23 12:01:07 - CDRS - INFO - Total raw rows read from Excel: 3
2026-07-23 12:01:07 - CDRS - INFO - First 5 rows of extracted data: [{'Order_no': {'value': 1, 'cell_ref': 'A2', 'row': 2, 'col': 1}, 'Order_Creation_Date': {'value': datetime.datetime(2026, 7, 19, 0, 0), 'cell_ref': 'B2', 'row': 2, 'col': 2}, 'Branch_Code': {'value': 'BR001', 'cell_ref': 'C2', 'row': 2, 'col': 3}, 'Branch_Name': {'value': 'Branch Johannesburg', 'cell_ref': 'D2', 'row': 2, 'col': 4}, 'Card_Type': {'value': 'SIM', 'cell_ref': 'E2', 'row': 2, 'col': 5}, 'Number_of_Batches': {'value': 2, 'cell_ref': 'F2', 'row': 2, 'col': 6}, 'Waybill_Number': {'value': 'WB001', 'cell_ref': 'G2', 'row': 2, 'col': 7}, 'Batch_Number': {'value': '10001|10002', 'cell_ref': 'H2', 'row': 2, 'col': 8}, 'BagNumber': {'value': "'00001234", 'cell_ref': 'I2', 'row': 2, 'col': 9}}, {'Order_no': {'value': 2, 'cell_ref': 'A3', 'row': 3, 'col': 1}, 'Order_Creation_Date': {'value': datetime.datetime(2026, 7, 19, 0, 0), 'cell_ref': 'B3', 'row': 3, 'col': 2}, 'Branch_Code': {'value': 'BR002', 'cell_ref': 'C3', 'row': 3, 'col': 3}, 'Branch_Name': {'value': 'Branch Pretoria', 'cell_ref': 'D3', 'row': 3, 'col': 4}, 'Card_Type': {'value': 'DMCCLS', 'cell_ref': 'E3', 'row': 3, 'col': 5}, 'Number_of_Batches': {'value': 3, 'cell_ref': 'F3', 'row': 3, 'col': 6}, 'Waybill_Number': {'value': 'WB002', 'cell_ref': 'G3', 'row': 3, 'col': 7}, 'Batch_Number': {'value': '20001|20002|20003', 'cell_ref': 'H3', 'row': 3, 'col': 8}, 'BagNumber': {'value': "'00002345", 'cell_ref': 'I3', 'row': 3, 'col': 9}}, {'Order_no': {'value': 3, 'cell_ref': 'A4', 'row': 4, 'col': 1}, 'Order_Creation_Date': {'value': datetime.datetime(2026, 7, 19, 0, 0), 'cell_ref': 'B4', 'row': 4, 'col': 2}, 'Branch_Code': {'value': 'BR003', 'cell_ref': 'C4', 'row': 4, 'col': 3}, 'Branch_Name': {'value': 'Branch Cape Town', 'cell_ref': 'D4', 'row': 4, 'col': 4}, 'Card_Type': {'value': 'SIM', 'cell_ref': 'E4', 'row': 4, 'col': 5}, 'Number_of_Batches': {'value': 1, 'cell_ref': 'F4', 'row': 4, 'col': 6}, 'Waybill_Number': {'value': 'WB003', 'cell_ref': 'G4', 'row': 4, 'col': 7}, 'Batch_Number': {'value': '30001', 'cell_ref': 'H4', 'row': 4, 'col': 8}, 'BagNumber': {'value': "'00003456", 'cell_ref': 'I4', 'row': 4, 'col': 9}}]
2026-07-23 12:01:07 - CDRS - INFO - Loaded 3 data rows from DAILY OUTPUT FILE 03-07-2026
2026-07-23 12:01:07 - CDRS - INFO - No blank mandatory fields found
2026-07-23 12:01:07 - CDRS - INFO - Validating card types in DAILY OUTPUT FILE 03-07-2026
2026-07-23 12:01:07 - CDRS - DEBUG - Headers from DAILY OUTPUT FILE 03-07-2026: ['Order_no', 'Order_Creation_Date', 'Branch_Code', 'Branch_Name', 'Card_Type', 'Number_of_Batches', 'Waybill_Number', 'Batch_Number', 'BagNumber']
2026-07-23 12:01:07 - CDRS - DEBUG - Retrieved 3 values from column 'Card_Type'
2026-07-23 12:01:07 - CDRS - INFO - All card types are valid
2026-07-23 12:01:07 - CDRS - INFO - Validation completed. Passed: True, Errors: 0, Duration: 0.03s
2026-07-23 12:01:07 - CDRS - INFO - Workbook closed
2026-07-23 12:01:07 - CDRS - INFO - Backup created: backups\20260723_120107_sample_valid_20260723_120107.bak
2026-07-23 12:01:07 - CDRS - INFO - Workbook loaded successfully: C:\Users\Obedbosh\Music\OBED BOSHIELO\Capitec-Reconciliation-System\web_dashboard\uploads\20260723_120107_sample_valid.xlsx
2026-07-23 12:01:07 - CDRS - INFO - Found 1 worksheets: ['DAILY OUTPUT FILE 03-07-2026']
2026-07-23 12:01:07 - CDRS - INFO - Daily Output sheet MATCHED with date: 'DAILY OUTPUT FILE 03-07-2026' (parsed: 2026-07-03 00:00:00)
2026-07-23 12:01:07 - CDRS - INFO - Selected Daily Output sheet: 'DAILY OUTPUT FILE 03-07-2026'
2026-07-23 12:01:07 - CDRS - INFO - Sheet DAILY OUTPUT FILE 03-07-2026 max_row=4, total_raw_rows=4, non_empty_rows=4
2026-07-23 12:01:07 - CDRS - INFO - Loading data rows from sheet: DAILY OUTPUT FILE 03-07-2026
2026-07-23 12:01:07 - CDRS - INFO - Using header row: 1
2026-07-23 12:01:07 - CDRS - INFO - Headers: ['Order_no', 'Order_Creation_Date', 'Branch_Code', 'Branch_Name', 'Card_Type', 'Number_of_Batches', 'Waybill_Number', 'Batch_Number', 'BagNumber']
2026-07-23 12:01:07 - CDRS - INFO - Total raw rows read from Excel: 3
2026-07-23 12:01:07 - CDRS - INFO - First 5 rows of extracted data: [{'Order_no': {'value': 1, 'cell_ref': 'A2', 'row': 2, 'col': 1}, 'Order_Creation_Date': {'value': datetime.datetime(2026, 7, 19, 0, 0), 'cell_ref': 'B2', 'row': 2, 'col': 2}, 'Branch_Code': {'value': 'BR001', 'cell_ref': 'C2', 'row': 2, 'col': 3}, 'Branch_Name': {'value': 'Branch Johannesburg', 'cell_ref': 'D2', 'row': 2, 'col': 4}, 'Card_Type': {'value': 'SIM', 'cell_ref': 'E2', 'row': 2, 'col': 5}, 'Number_of_Batches': {'value': 2, 'cell_ref': 'F2', 'row': 2, 'col': 6}, 'Waybill_Number': {'value': 'WB001', 'cell_ref': 'G2', 'row': 2, 'col': 7}, 'Batch_Number': {'value': '10001|10002', 'cell_ref': 'H2', 'row': 2, 'col': 8}, 'BagNumber': {'value': "'00001234", 'cell_ref': 'I2', 'row': 2, 'col': 9}}, {'Order_no': {'value': 2, 'cell_ref': 'A3', 'row': 3, 'col': 1}, 'Order_Creation_Date': {'value': datetime.datetime(2026, 7, 19, 0, 0), 'cell_ref': 'B3', 'row': 3, 'col': 2}, 'Branch_Code': {'value': 'BR002', 'cell_ref': 'C3', 'row': 3, 'col': 3}, 'Branch_Name': {'value': 'Branch Pretoria', 'cell_ref': 'D3', 'row': 3, 'col': 4}, 'Card_Type': {'value': 'DMCCLS', 'cell_ref': 'E3', 'row': 3, 'col': 5}, 'Number_of_Batches': {'value': 3, 'cell_ref': 'F3', 'row': 3, 'col': 6}, 'Waybill_Number': {'value': 'WB002', 'cell_ref': 'G3', 'row': 3, 'col': 7}, 'Batch_Number': {'value': '20001|20002|20003', 'cell_ref': 'H3', 'row': 3, 'col': 8}, 'BagNumber': {'value': "'00002345", 'cell_ref': 'I3', 'row': 3, 'col': 9}}, {'Order_no': {'value': 3, 'cell_ref': 'A4', 'row': 4, 'col': 1}, 'Order_Creation_Date': {'value': datetime.datetime(2026, 7, 19, 0, 0), 'cell_ref': 'B4', 'row': 4, 'col': 2}, 'Branch_Code': {'value': 'BR003', 'cell_ref': 'C4', 'row': 4, 'col': 3}, 'Branch_Name': {'value': 'Branch Cape Town', 'cell_ref': 'D4', 'row': 4, 'col': 4}, 'Card_Type': {'value': 'SIM', 'cell_ref': 'E4', 'row': 4, 'col': 5}, 'Number_of_Batches': {'value': 1, 'cell_ref': 'F4', 'row': 4, 'col': 6}, 'Waybill_Number': {'value': 'WB003', 'cell_ref': 'G4', 'row': 4, 'col': 7}, 'Batch_Number': {'value': '30001', 'cell_ref': 'H4', 'row': 4, 'col': 8}, 'BagNumber': {'value': "'00003456", 'cell_ref': 'I4', 'row': 4, 'col': 9}}]
2026-07-23 12:01:07 - CDRS - INFO - Loaded 3 data rows from DAILY OUTPUT FILE 03-07-2026
2026-07-23 12:01:07 - CDRS - INFO - CardCounter totals: SIM Orders=3, SIM Cards=300, Bank Orders=3, Bank Cards=900
2026-07-23 12:01:07 - CDRS - INFO - Workbook closed
2026-07-23 12:02:05 - CDRS - INFO - Starting validation for: C:\Users\Obedbosh\Music\OBED BOSHIELO\Capitec-Reconciliation-System\web_dashboard\uploads\20260723_120205_sample_valid.xlsx
2026-07-23 12:02:05 - CDRS - INFO - Workbook loaded successfully: C:\Users\Obedbosh\Music\OBED BOSHIELO\Capitec-Reconciliation-System\web_dashboard\uploads\20260723_120205_sample_valid.xlsx
2026-07-23 12:02:05 - CDRS - INFO - Found 1 worksheets: ['DAILY OUTPUT FILE 03-07-2026']
2026-07-23 12:02:05 - CDRS - INFO - Daily Output sheet MATCHED with date: 'DAILY OUTPUT FILE 03-07-2026' (parsed: 2026-07-03 00:00:00)
2026-07-23 12:02:05 - CDRS - INFO - Selected Daily Output sheet: 'DAILY OUTPUT FILE 03-07-2026'
2026-07-23 12:02:05 - CDRS - INFO - Using daily worksheet for validation: DAILY OUTPUT FILE 03-07-2026
2026-07-23 12:02:05 - CDRS - INFO - Selected sheet 'DAILY OUTPUT FILE 03-07-2026' max_row=4 total_raw_rows=4 non_empty_rows=4
2026-07-23 12:02:05 - CDRS - INFO - Sample first 5 raw rows: [('Order_no', 'Order_Creation_Date', 'Branch_Code', 'Branch_Name', 'Card_Type', 'Number_of_Batches', 'Waybill_Number', 'Batch_Number', 'BagNumber'), (1, datetime.datetime(2026, 7, 19, 0, 0), 'BR001', 'Branch Johannesburg', 'SIM', 2, 'WB001', '10001|10002', "'00001234"), (2, datetime.datetime(2026, 7, 19, 0, 0), 'BR002', 'Branch Pretoria', 'DMCCLS', 3, 'WB002', '20001|20002|20003', "'00002345"), (3, datetime.datetime(2026, 7, 19, 0, 0), 'BR003', 'Branch Cape Town', 'SIM', 1, 'WB003', '30001', "'00003456")]
2026-07-23 12:02:05 - CDRS - INFO - Sheet DAILY OUTPUT FILE 03-07-2026 max_row=4, total_raw_rows=4, non_empty_rows=4
2026-07-23 12:02:05 - CDRS - INFO - Loading data rows from sheet: DAILY OUTPUT FILE 03-07-2026
2026-07-23 12:02:05 - CDRS - INFO - Using header row: 1
2026-07-23 12:02:05 - CDRS - INFO - Headers: ['Order_no', 'Order_Creation_Date', 'Branch_Code', 'Branch_Name', 'Card_Type', 'Number_of_Batches', 'Waybill_Number', 'Batch_Number', 'BagNumber']
2026-07-23 12:02:05 - CDRS - INFO - Total raw rows read from Excel: 3
2026-07-23 12:02:05 - CDRS - INFO - First 5 rows of extracted data: [{'Order_no': {'value': 1, 'cell_ref': 'A2', 'row': 2, 'col': 1}, 'Order_Creation_Date': {'value': datetime.datetime(2026, 7, 19, 0, 0), 'cell_ref': 'B2', 'row': 2, 'col': 2}, 'Branch_Code': {'value': 'BR001', 'cell_ref': 'C2', 'row': 2, 'col': 3}, 'Branch_Name': {'value': 'Branch Johannesburg', 'cell_ref': 'D2', 'row': 2, 'col': 4}, 'Card_Type': {'value': 'SIM', 'cell_ref': 'E2', 'row': 2, 'col': 5}, 'Number_of_Batches': {'value': 2, 'cell_ref': 'F2', 'row': 2, 'col': 6}, 'Waybill_Number': {'value': 'WB001', 'cell_ref': 'G2', 'row': 2, 'col': 7}, 'Batch_Number': {'value': '10001|10002', 'cell_ref': 'H2', 'row': 2, 'col': 8}, 'BagNumber': {'value': "'00001234", 'cell_ref': 'I2', 'row': 2, 'col': 9}}, {'Order_no': {'value': 2, 'cell_ref': 'A3', 'row': 3, 'col': 1}, 'Order_Creation_Date': {'value': datetime.datetime(2026, 7, 19, 0, 0), 'cell_ref': 'B3', 'row': 3, 'col': 2}, 'Branch_Code': {'value': 'BR002', 'cell_ref': 'C3', 'row': 3, 'col': 3}, 'Branch_Name': {'value': 'Branch Pretoria', 'cell_ref': 'D3', 'row': 3, 'col': 4}, 'Card_Type': {'value': 'DMCCLS', 'cell_ref': 'E3', 'row': 3, 'col': 5}, 'Number_of_Batches': {'value': 3, 'cell_ref': 'F3', 'row': 3, 'col': 6}, 'Waybill_Number': {'value': 'WB002', 'cell_ref': 'G3', 'row': 3, 'col': 7}, 'Batch_Number': {'value': '20001|20002|20003', 'cell_ref': 'H3', 'row': 3, 'col': 8}, 'BagNumber': {'value': "'00002345", 'cell_ref': 'I3', 'row': 3, 'col': 9}}, {'Order_no': {'value': 3, 'cell_ref': 'A4', 'row': 4, 'col': 1}, 'Order_Creation_Date': {'value': datetime.datetime(2026, 7, 19, 0, 0), 'cell_ref': 'B4', 'row': 4, 'col': 2}, 'Branch_Code': {'value': 'BR003', 'cell_ref': 'C4', 'row': 4, 'col': 3}, 'Branch_Name': {'value': 'Branch Cape Town', 'cell_ref': 'D4', 'row': 4, 'col': 4}, 'Card_Type': {'value': 'SIM', 'cell_ref': 'E4', 'row': 4, 'col': 5}, 'Number_of_Batches': {'value': 1, 'cell_ref': 'F4', 'row': 4, 'col': 6}, 'Waybill_Number': {'value': 'WB003', 'cell_ref': 'G4', 'row': 4, 'col': 7}, 'Batch_Number': {'value': '30001', 'cell_ref': 'H4', 'row': 4, 'col': 8}, 'BagNumber': {'value': "'00003456", 'cell_ref': 'I4', 'row': 4, 'col': 9}}]
2026-07-23 12:02:05 - CDRS - INFO - Loaded 3 data rows from DAILY OUTPUT FILE 03-07-2026
2026-07-23 12:02:05 - CDRS - INFO - Rows processed (data rows): 3
2026-07-23 12:02:05 - CDRS - INFO - Validating headers in DAILY OUTPUT FILE 03-07-2026
2026-07-23 12:02:05 - CDRS - DEBUG - Headers from DAILY OUTPUT FILE 03-07-2026: ['Order_no', 'Order_Creation_Date', 'Branch_Code', 'Branch_Name', 'Card_Type', 'Number_of_Batches', 'Waybill_Number', 'Batch_Number', 'BagNumber']
2026-07-23 12:02:05 - CDRS - INFO - All required headers present: {'Number_of_Batches', 'Card_Type', 'Order_Creation_Date', 'Branch_Code', 'Branch_Name', 'Waybill_Number', 'Batch_Number', 'Order_no', 'BagNumber'}
2026-07-23 12:02:05 - CDRS - INFO - Validating duplicates in DAILY OUTPUT FILE 03-07-2026
2026-07-23 12:02:05 - CDRS - DEBUG - Headers from DAILY OUTPUT FILE 03-07-2026: ['Order_no', 'Order_Creation_Date', 'Branch_Code', 'Branch_Name', 'Card_Type', 'Number_of_Batches', 'Waybill_Number', 'Batch_Number', 'BagNumber']
2026-07-23 12:02:05 - CDRS - DEBUG - Retrieved 3 values from column 'Batch_Number'
2026-07-23 12:02:05 - CDRS - INFO - No duplicate batch numbers found
2026-07-23 12:02:05 - CDRS - INFO - Validating batch counts in DAILY OUTPUT FILE 03-07-2026
2026-07-23 12:02:05 - CDRS - INFO - Sheet DAILY OUTPUT FILE 03-07-2026 max_row=4, total_raw_rows=4, non_empty_rows=4
2026-07-23 12:02:05 - CDRS - INFO - Loading data rows from sheet: DAILY OUTPUT FILE 03-07-2026
2026-07-23 12:02:05 - CDRS - INFO - Using header row: 1
2026-07-23 12:02:05 - CDRS - INFO - Headers: ['Order_no', 'Order_Creation_Date', 'Branch_Code', 'Branch_Name', 'Card_Type', 'Number_of_Batches', 'Waybill_Number', 'Batch_Number', 'BagNumber']
2026-07-23 12:02:05 - CDRS - INFO - Total raw rows read from Excel: 3
2026-07-23 12:02:05 - CDRS - INFO - First 5 rows of extracted data: [{'Order_no': {'value': 1, 'cell_ref': 'A2', 'row': 2, 'col': 1}, 'Order_Creation_Date': {'value': datetime.datetime(2026, 7, 19, 0, 0), 'cell_ref': 'B2', 'row': 2, 'col': 2}, 'Branch_Code': {'value': 'BR001', 'cell_ref': 'C2', 'row': 2, 'col': 3}, 'Branch_Name': {'value': 'Branch Johannesburg', 'cell_ref': 'D2', 'row': 2, 'col': 4}, 'Card_Type': {'value': 'SIM', 'cell_ref': 'E2', 'row': 2, 'col': 5}, 'Number_of_Batches': {'value': 2, 'cell_ref': 'F2', 'row': 2, 'col': 6}, 'Waybill_Number': {'value': 'WB001', 'cell_ref': 'G2', 'row': 2, 'col': 7}, 'Batch_Number': {'value': '10001|10002', 'cell_ref': 'H2', 'row': 2, 'col': 8}, 'BagNumber': {'value': "'00001234", 'cell_ref': 'I2', 'row': 2, 'col': 9}}, {'Order_no': {'value': 2, 'cell_ref': 'A3', 'row': 3, 'col': 1}, 'Order_Creation_Date': {'value': datetime.datetime(2026, 7, 19, 0, 0), 'cell_ref': 'B3', 'row': 3, 'col': 2}, 'Branch_Code': {'value': 'BR002', 'cell_ref': 'C3', 'row': 3, 'col': 3}, 'Branch_Name': {'value': 'Branch Pretoria', 'cell_ref': 'D3', 'row': 3, 'col': 4}, 'Card_Type': {'value': 'DMCCLS', 'cell_ref': 'E3', 'row': 3, 'col': 5}, 'Number_of_Batches': {'value': 3, 'cell_ref': 'F3', 'row': 3, 'col': 6}, 'Waybill_Number': {'value': 'WB002', 'cell_ref': 'G3', 'row': 3, 'col': 7}, 'Batch_Number': {'value': '20001|20002|20003', 'cell_ref': 'H3', 'row': 3, 'col': 8}, 'BagNumber': {'value': "'00002345", 'cell_ref': 'I3', 'row': 3, 'col': 9}}, {'Order_no': {'value': 3, 'cell_ref': 'A4', 'row': 4, 'col': 1}, 'Order_Creation_Date': {'value': datetime.datetime(2026, 7, 19, 0, 0), 'cell_ref': 'B4', 'row': 4, 'col': 2}, 'Branch_Code': {'value': 'BR003', 'cell_ref': 'C4', 'row': 4, 'col': 3}, 'Branch_Name': {'value': 'Branch Cape Town', 'cell_ref': 'D4', 'row': 4, 'col': 4}, 'Card_Type': {'value': 'SIM', 'cell_ref': 'E4', 'row': 4, 'col': 5}, 'Number_of_Batches': {'value': 1, 'cell_ref': 'F4', 'row': 4, 'col': 6}, 'Waybill_Number': {'value': 'WB003', 'cell_ref': 'G4', 'row': 4, 'col': 7}, 'Batch_Number': {'value': '30001', 'cell_ref': 'H4', 'row': 4, 'col': 8}, 'BagNumber': {'value': "'00003456", 'cell_ref': 'I4', 'row': 4, 'col': 9}}]
2026-07-23 12:02:05 - CDRS - INFO - Loaded 3 data rows from DAILY OUTPUT FILE 03-07-2026
2026-07-23 12:02:05 - CDRS - INFO - All batch counts are valid
2026-07-23 12:02:05 - CDRS - INFO - Validating bag numbers in DAILY OUTPUT FILE 03-07-2026
2026-07-23 12:02:05 - CDRS - INFO - Sheet DAILY OUTPUT FILE 03-07-2026 max_row=4, total_raw_rows=4, non_empty_rows=4
2026-07-23 12:02:05 - CDRS - INFO - Loading data rows from sheet: DAILY OUTPUT FILE 03-07-2026
2026-07-23 12:02:05 - CDRS - INFO - Using header row: 1
2026-07-23 12:02:05 - CDRS - INFO - Headers: ['Order_no', 'Order_Creation_Date', 'Branch_Code', 'Branch_Name', 'Card_Type', 'Number_of_Batches', 'Waybill_Number', 'Batch_Number', 'BagNumber']
2026-07-23 12:02:05 - CDRS - INFO - Total raw rows read from Excel: 3
2026-07-23 12:02:05 - CDRS - INFO - First 5 rows of extracted data: [{'Order_no': {'value': 1, 'cell_ref': 'A2', 'row': 2, 'col': 1}, 'Order_Creation_Date': {'value': datetime.datetime(2026, 7, 19, 0, 0), 'cell_ref': 'B2', 'row': 2, 'col': 2}, 'Branch_Code': {'value': 'BR001', 'cell_ref': 'C2', 'row': 2, 'col': 3}, 'Branch_Name': {'value': 'Branch Johannesburg', 'cell_ref': 'D2', 'row': 2, 'col': 4}, 'Card_Type': {'value': 'SIM', 'cell_ref': 'E2', 'row': 2, 'col': 5}, 'Number_of_Batches': {'value': 2, 'cell_ref': 'F2', 'row': 2, 'col': 6}, 'Waybill_Number': {'value': 'WB001', 'cell_ref': 'G2', 'row': 2, 'col': 7}, 'Batch_Number': {'value': '10001|10002', 'cell_ref': 'H2', 'row': 2, 'col': 8}, 'BagNumber': {'value': "'00001234", 'cell_ref': 'I2', 'row': 2, 'col': 9}}, {'Order_no': {'value': 2, 'cell_ref': 'A3', 'row': 3, 'col': 1}, 'Order_Creation_Date': {'value': datetime.datetime(2026, 7, 19, 0, 0), 'cell_ref': 'B3', 'row': 3, 'col': 2}, 'Branch_Code': {'value': 'BR002', 'cell_ref': 'C3', 'row': 3, 'col': 3}, 'Branch_Name': {'value': 'Branch Pretoria', 'cell_ref': 'D3', 'row': 3, 'col': 4}, 'Card_Type': {'value': 'DMCCLS', 'cell_ref': 'E3', 'row': 3, 'col': 5}, 'Number_of_Batches': {'value': 3, 'cell_ref': 'F3', 'row': 3, 'col': 6}, 'Waybill_Number': {'value': 'WB002', 'cell_ref': 'G3', 'row': 3, 'col': 7}, 'Batch_Number': {'value': '20001|20002|20003', 'cell_ref': 'H3', 'row': 3, 'col': 8}, 'BagNumber': {'value': "'00002345", 'cell_ref': 'I3', 'row': 3, 'col': 9}}, {'Order_no': {'value': 3, 'cell_ref': 'A4', 'row': 4, 'col': 1}, 'Order_Creation_Date': {'value': datetime.datetime(2026, 7, 19, 0, 0), 'cell_ref': 'B4', 'row': 4, 'col': 2}, 'Branch_Code': {'value': 'BR003', 'cell_ref': 'C4', 'row': 4, 'col': 3}, 'Branch_Name': {'value': 'Branch Cape Town', 'cell_ref': 'D4', 'row': 4, 'col': 4}, 'Card_Type': {'value': 'SIM', 'cell_ref': 'E4', 'row': 4, 'col': 5}, 'Number_of_Batches': {'value': 1, 'cell_ref': 'F4', 'row': 4, 'col': 6}, 'Waybill_Number': {'value': 'WB003', 'cell_ref': 'G4', 'row': 4, 'col': 7}, 'Batch_Number': {'value': '30001', 'cell_ref': 'H4', 'row': 4, 'col': 8}, 'BagNumber': {'value': "'00003456", 'cell_ref': 'I4', 'row': 4, 'col': 9}}]
2026-07-23 12:02:05 - CDRS - INFO - Loaded 3 data rows from DAILY OUTPUT FILE 03-07-2026
2026-07-23 12:02:05 - CDRS - INFO - All bag numbers are valid
2026-07-23 12:02:05 - CDRS - INFO - Validating blank fields in DAILY OUTPUT FILE 03-07-2026
2026-07-23 12:02:05 - CDRS - INFO - Sheet DAILY OUTPUT FILE 03-07-2026 max_row=4, total_raw_rows=4, non_empty_rows=4
2026-07-23 12:02:05 - CDRS - INFO - Loading data rows from sheet: DAILY OUTPUT FILE 03-07-2026
2026-07-23 12:02:05 - CDRS - INFO - Using header row: 1
2026-07-23 12:02:05 - CDRS - INFO - Headers: ['Order_no', 'Order_Creation_Date', 'Branch_Code', 'Branch_Name', 'Card_Type', 'Number_of_Batches', 'Waybill_Number', 'Batch_Number', 'BagNumber']
2026-07-23 12:02:05 - CDRS - INFO - Total raw rows read from Excel: 3
2026-07-23 12:02:05 - CDRS - INFO - First 5 rows of extracted data: [{'Order_no': {'value': 1, 'cell_ref': 'A2', 'row': 2, 'col': 1}, 'Order_Creation_Date': {'value': datetime.datetime(2026, 7, 19, 0, 0), 'cell_ref': 'B2', 'row': 2, 'col': 2}, 'Branch_Code': {'value': 'BR001', 'cell_ref': 'C2', 'row': 2, 'col': 3}, 'Branch_Name': {'value': 'Branch Johannesburg', 'cell_ref': 'D2', 'row': 2, 'col': 4}, 'Card_Type': {'value': 'SIM', 'cell_ref': 'E2', 'row': 2, 'col': 5}, 'Number_of_Batches': {'value': 2, 'cell_ref': 'F2', 'row': 2, 'col': 6}, 'Waybill_Number': {'value': 'WB001', 'cell_ref': 'G2', 'row': 2, 'col': 7}, 'Batch_Number': {'value': '10001|10002', 'cell_ref': 'H2', 'row': 2, 'col': 8}, 'BagNumber': {'value': "'00001234", 'cell_ref': 'I2', 'row': 2, 'col': 9}}, {'Order_no': {'value': 2, 'cell_ref': 'A3', 'row': 3, 'col': 1}, 'Order_Creation_Date': {'value': datetime.datetime(2026, 7, 19, 0, 0), 'cell_ref': 'B3', 'row': 3, 'col': 2}, 'Branch_Code': {'value': 'BR002', 'cell_ref': 'C3', 'row': 3, 'col': 3}, 'Branch_Name': {'value': 'Branch Pretoria', 'cell_ref': 'D3', 'row': 3, 'col': 4}, 'Card_Type': {'value': 'DMCCLS', 'cell_ref': 'E3', 'row': 3, 'col': 5}, 'Number_of_Batches': {'value': 3, 'cell_ref': 'F3', 'row': 3, 'col': 6}, 'Waybill_Number': {'value': 'WB002', 'cell_ref': 'G3', 'row': 3, 'col': 7}, 'Batch_Number': {'value': '20001|20002|20003', 'cell_ref': 'H3', 'row': 3, 'col': 8}, 'BagNumber': {'value': "'00002345", 'cell_ref': 'I3', 'row': 3, 'col': 9}}, {'Order_no': {'value': 3, 'cell_ref': 'A4', 'row': 4, 'col': 1}, 'Order_Creation_Date': {'value': datetime.datetime(2026, 7, 19, 0, 0), 'cell_ref': 'B4', 'row': 4, 'col': 2}, 'Branch_Code': {'value': 'BR003', 'cell_ref': 'C4', 'row': 4, 'col': 3}, 'Branch_Name': {'value': 'Branch Cape Town', 'cell_ref': 'D4', 'row': 4, 'col': 4}, 'Card_Type': {'value': 'SIM', 'cell_ref': 'E4', 'row': 4, 'col': 5}, 'Number_of_Batches': {'value': 1, 'cell_ref': 'F4', 'row': 4, 'col': 6}, 'Waybill_Number': {'value': 'WB003', 'cell_ref': 'G4', 'row': 4, 'col': 7}, 'Batch_Number': {'value': '30001', 'cell_ref': 'H4', 'row': 4, 'col': 8}, 'BagNumber': {'value': "'00003456", 'cell_ref': 'I4', 'row': 4, 'col': 9}}]
2026-07-23 12:02:05 - CDRS - INFO - Loaded 3 data rows from DAILY OUTPUT FILE 03-07-2026
2026-07-23 12:02:05 - CDRS - INFO - No blank mandatory fields found
2026-07-23 12:02:05 - CDRS - INFO - Validating card types in DAILY OUTPUT FILE 03-07-2026
2026-07-23 12:02:05 - CDRS - DEBUG - Headers from DAILY OUTPUT FILE 03-07-2026: ['Order_no', 'Order_Creation_Date', 'Branch_Code', 'Branch_Name', 'Card_Type', 'Number_of_Batches', 'Waybill_Number', 'Batch_Number', 'BagNumber']
2026-07-23 12:02:05 - CDRS - DEBUG - Retrieved 3 values from column 'Card_Type'
2026-07-23 12:02:05 - CDRS - INFO - All card types are valid
2026-07-23 12:02:05 - CDRS - INFO - Validation completed. Passed: True, Errors: 0, Duration: 0.02s
2026-07-23 12:02:05 - CDRS - INFO - Workbook closed
2026-07-23 12:02:05 - CDRS - INFO - Backup created: backups\20260723_120205_sample_valid_20260723_120205.bak
2026-07-23 12:02:05 - CDRS - INFO - Workbook loaded successfully: C:\Users\Obedbosh\Music\OBED BOSHIELO\Capitec-Reconciliation-System\web_dashboard\uploads\20260723_120205_sample_valid.xlsx
2026-07-23 12:02:05 - CDRS - INFO - Found 1 worksheets: ['DAILY OUTPUT FILE 03-07-2026']
2026-07-23 12:02:05 - CDRS - INFO - Daily Output sheet MATCHED with date: 'DAILY OUTPUT FILE 03-07-2026' (parsed: 2026-07-03 00:00:00)
2026-07-23 12:02:05 - CDRS - INFO - Selected Daily Output sheet: 'DAILY OUTPUT FILE 03-07-2026'
2026-07-23 12:02:05 - CDRS - INFO - Sheet DAILY OUTPUT FILE 03-07-2026 max_row=4, total_raw_rows=4, non_empty_rows=4
2026-07-23 12:02:05 - CDRS - INFO - Loading data rows from sheet: DAILY OUTPUT FILE 03-07-2026
2026-07-23 12:02:05 - CDRS - INFO - Using header row: 1
2026-07-23 12:02:05 - CDRS - INFO - Headers: ['Order_no', 'Order_Creation_Date', 'Branch_Code', 'Branch_Name', 'Card_Type', 'Number_of_Batches', 'Waybill_Number', 'Batch_Number', 'BagNumber']
2026-07-23 12:02:05 - CDRS - INFO - Total raw rows read from Excel: 3
2026-07-23 12:02:05 - CDRS - INFO - First 5 rows of extracted data: [{'Order_no': {'value': 1, 'cell_ref': 'A2', 'row': 2, 'col': 1}, 'Order_Creation_Date': {'value': datetime.datetime(2026, 7, 19, 0, 0), 'cell_ref': 'B2', 'row': 2, 'col': 2}, 'Branch_Code': {'value': 'BR001', 'cell_ref': 'C2', 'row': 2, 'col': 3}, 'Branch_Name': {'value': 'Branch Johannesburg', 'cell_ref': 'D2', 'row': 2, 'col': 4}, 'Card_Type': {'value': 'SIM', 'cell_ref': 'E2', 'row': 2, 'col': 5}, 'Number_of_Batches': {'value': 2, 'cell_ref': 'F2', 'row': 2, 'col': 6}, 'Waybill_Number': {'value': 'WB001', 'cell_ref': 'G2', 'row': 2, 'col': 7}, 'Batch_Number': {'value': '10001|10002', 'cell_ref': 'H2', 'row': 2, 'col': 8}, 'BagNumber': {'value': "'00001234", 'cell_ref': 'I2', 'row': 2, 'col': 9}}, {'Order_no': {'value': 2, 'cell_ref': 'A3', 'row': 3, 'col': 1}, 'Order_Creation_Date': {'value': datetime.datetime(2026, 7, 19, 0, 0), 'cell_ref': 'B3', 'row': 3, 'col': 2}, 'Branch_Code': {'value': 'BR002', 'cell_ref': 'C3', 'row': 3, 'col': 3}, 'Branch_Name': {'value': 'Branch Pretoria', 'cell_ref': 'D3', 'row': 3, 'col': 4}, 'Card_Type': {'value': 'DMCCLS', 'cell_ref': 'E3', 'row': 3, 'col': 5}, 'Number_of_Batches': {'value': 3, 'cell_ref': 'F3', 'row': 3, 'col': 6}, 'Waybill_Number': {'value': 'WB002', 'cell_ref': 'G3', 'row': 3, 'col': 7}, 'Batch_Number': {'value': '20001|20002|20003', 'cell_ref': 'H3', 'row': 3, 'col': 8}, 'BagNumber': {'value': "'00002345", 'cell_ref': 'I3', 'row': 3, 'col': 9}}, {'Order_no': {'value': 3, 'cell_ref': 'A4', 'row': 4, 'col': 1}, 'Order_Creation_Date': {'value': datetime.datetime(2026, 7, 19, 0, 0), 'cell_ref': 'B4', 'row': 4, 'col': 2}, 'Branch_Code': {'value': 'BR003', 'cell_ref': 'C4', 'row': 4, 'col': 3}, 'Branch_Name': {'value': 'Branch Cape Town', 'cell_ref': 'D4', 'row': 4, 'col': 4}, 'Card_Type': {'value': 'SIM', 'cell_ref': 'E4', 'row': 4, 'col': 5}, 'Number_of_Batches': {'value': 1, 'cell_ref': 'F4', 'row': 4, 'col': 6}, 'Waybill_Number': {'value': 'WB003', 'cell_ref': 'G4', 'row': 4, 'col': 7}, 'Batch_Number': {'value': '30001', 'cell_ref': 'H4', 'row': 4, 'col': 8}, 'BagNumber': {'value': "'00003456", 'cell_ref': 'I4', 'row': 4, 'col': 9}}]
2026-07-23 12:02:05 - CDRS - INFO - Loaded 3 data rows from DAILY OUTPUT FILE 03-07-2026
2026-07-23 12:02:05 - CDRS - INFO - CardCounter totals: SIM Orders=3, SIM Cards=300, Bank Orders=3, Bank Cards=900
2026-07-23 12:02:05 - CDRS - INFO - Workbook closed
